id,regfalle,edad,sexo,deptoocuhe,tipoarma,pracaut
1,21117,27,0,1,1,1
2,21125,22,0,1,1,1
3,19652,15,0,9,1,1
4,19668,50,0,9,1,1
5,12225,47,0,9,1,1
6,17397,32,0,4,1,1
7,21679,26,0,4,1,0
8,21680,30,0,4,1,0
9,21681,20,0,4,1,0
10,21683,27,0,4,1,0
11,21241,33,0,7,1,1
12,21242,28,0,7,1,1
13,21245,20,0,7,1,1
14,21244,50,1,7,1,1
15,21246,50,0,7,12,0
16,21243,45,0,7,1,1
17,21248,24,0,7,1,1
18,21247,33,0,7,1,1
19,12480,24,0,5,1,1
20,12481,49,0,5,1,1
21,19602,24,0,5,13,1
22,19603,21,0,5,1,1
23,12482,16,0,5,1,1
24,12479,60,1,5,1,0
25,20201,20,0,5,1,1
26,20202,19,0,5,1,1
27,19800,32,0,5,2,1
28,20203,17,1,5,1,1
29,19604,15,0,5,1,1
30,19605,18,0,5,1,1
31,20204,18,1,5,12,1
32,20206,21,0,5,3,1
33,19606,42,0,5,1,1
34,17793,18,0,5,1,0
35,19608,16,0,5,9,0
36,20205,40,0,5,9,0
37,12485,61,0,5,10,1
38,12486,45,0,5,2,1
39,12489,20,0,5,2,1
40,12490,19,0,5,2,0
41,12487,22,0,5,9,1
42,19610,63,0,5,1,0
43,12488,39,0,6,1,1
44,20176,40,0,5,1,0
45,12520,21,0,5,1,0
46,17794,43,0,5,9,1
47,21785,44,0,8,13,1
48,21791,16,0,8,1,1
49,21792,100,1,8,12,0
50,21790,31,0,8,1,1
51,21796,24,0,8,1,1
52,21799,18,0,8,2,1
53,21802,20,0,8,1,1
54,21806,23,1,8,1,1
55,21805,38,0,8,1,0
56,21530,15,0,6,1,1
57,21880,22,0,6,1,1
58,21879,22,0,6,1,1
59,19611,26,0,5,1,0
60,11004,30,0,5,9,0
61,21794,100,1,8,12,0
62,21795,23,0,8,1,1
63,21797,21,0,8,9,1
64,21793,20,0,8,1,1
65,21798,25,1,8,10,1
66,21801,37,0,8,1,1
67,21800,18,0,8,1,0
68,21803,17,1,8,1,1
69,21804,17,0,8,1,1
70,21513,31,0,6,1,1
71,21878,26,0,6,1,1
72,18616,36,0,6,1,1
73,21882,27,0,6,1,1
74,21518,24,0,6,1,1
75,20139,24,0,6,1,1
76,20127,24,1,6,8,1
77,21541,23,0,6,1,1
78,17541,45,0,6,1,1
79,17537,41,0,6,1,1
80,21529,21,0,6,1,1
81,17538,38,0,6,1,1
82,17540,43,0,6,1,1
83,21057,18,0,6,1,1
84,21517,33,0,6,1,1
85,21526,23,0,6,1,1
86,21888,22,0,6,1,0
87,21172,53,0,8,13,1
88,17524,16,0,6,1,1
89,21889,31,0,6,1,0
90,21542,25,0,6,1,1
91,21511,25,0,6,1,1
92,20129,30,0,6,1,1
93,20130,46,0,7,13,1
94,21516,20,0,6,1,1
95,21514,23,0,6,1,1
96,21515,24,0,6,1,1
97,20138,44,0,6,6,1
98,21173,39,0,3,13,1
99,21519,32,0,6,1,1
100,16749,23,0,6,1,1
101,21532,23,0,6,1,1
102,17270,18,0,6,1,1
103,21884,17,0,6,1,1
104,21524,26,0,6,2,1
105,21523,27,0,6,1,0
106,21883,26,0,6,1,1
107,19181,54,0,6,1,0
108,21520,60,0,6,1,1
109,21885,23,0,6,1,1
110,21522,30,0,6,1,0
111,21887,43,1,6,1,0
112,20141,29,0,6,1,0
113,20145,28,0,6,2,1
114,21890,20,0,6,9,0
115,21525,36,0,6,1,0
116,21893,15,0,6,1,0
117,21161,19,0,6,1,0
118,17274,20,0,6,1,0
119,21521,26,0,6,1,1
120,20453,18,0,6,1,0
121,20452,16,0,6,1,0
122,20158,24,0,6,1,0
123,21886,12,1,6,1,0
124,21543,25,0,6,6,1
125,19183,57,0,6,1,0
126,21063,45,0,6,1,0
127,17271,15,0,6,1,0
128,17272,41,0,6,1,0
129,21892,16,0,6,1,0
130,21891,17,0,6,1,0
131,21534,33,0,5,1,0
132,17275,51,0,6,1,0
133,21900,22,0,6,1,0
134,17539,45,0,6,1,1
135,17543,22,0,6,1,1
136,19180,13,0,6,1,0
137,21062,30,0,6,2,1
138,20140,25,0,6,1,0
139,19182,25,0,6,1,0
140,21540,21,0,6,1,0
141,20146,24,0,6,1,0
142,20160,35,0,6,13,0
143,21899,19,0,6,1,0
144,21066,32,0,8,1,0
145,17273,27,0,6,1,0
146,21897,20,0,6,1,1
147,20128,26,0,6,1,1
148,20459,43,0,6,1,1
149,20460,50,0,6,1,0
150,20455,29,0,6,1,0
151,9990572,38,0,6,13,1
152,18742,19,0,10,1,1
153,21894,30,0,6,1,0
154,21065,30,0,6,1,0
155,20451,31,0,6,1,0
156,21896,47,0,6,1,0
157,21898,24,0,6,1,0
158,20326,20,0,6,1,1
159,20161,22,0,6,1,1
160,20454,23,0,6,1,0
161,21058,16,0,6,1,1
162,21881,27,0,6,1,1
163,18615,35,0,6,1,1
164,20456,39,0,6,1,0
165,20457,15,0,6,1,0
166,9990571,19,0,6,13,1
167,21326,44,0,10,9,1
168,21594,49,0,1,1,1
169,16511,25,0,3,1,1
170,16507,57,1,3,1,1
171,16508,19,0,3,1,1
172,16299,25,0,3,1,1
173,16300,18,0,3,1,1
174,16501,22,0,3,1,1
175,16294,25,0,3,9,1
176,16293,15,0,3,1,1
177,16292,26,0,3,1,1
178,16291,29,0,3,1,1
179,16519,39,0,3,1,1
180,16518,17,0,3,1,1
181,16517,18,1,3,12,1
182,16516,60,0,3,1,1
183,18743,24,0,10,1,1
184,16504,25,0,3,1,1
185,16505,55,1,3,1,1
186,16506,59,0,3,1,1
187,16509,29,0,3,1,1
188,16510,22,0,3,1,1
189,16512,41,0,3,13,1
190,16502,29,1,3,1,1
191,16298,16,0,3,1,1
192,16297,80,0,3,9,1
193,16295,17,0,3,1,1
194,16296,17,0,3,1,1
195,16503,36,0,3,1,1
196,16515,22,0,3,1,1
197,16514,38,0,3,1,1
198,16513,26,0,3,1,1
199,21294,61,0,13,1,1
200,21298,34,0,13,10,1
201,21297,20,0,13,10,1
202,19344,20,0,14,1,1
203,1414,20,0,12,1,1
204,20402,28,1,12,1,1
205,21669,25,0,12,1,1
206,19349,48,0,14,1,1
207,21668,14,0,12,1,1
208,20411,26,0,12,1,1
209,21306,23,0,13,1,1
210,21303,23,0,13,1,1
211,21301,35,0,13,13,1
212,21659,70,0,12,1,1
213,21655,77,0,12,1,1
214,21661,26,0,12,1,1
215,21662,16,0,12,1,1
216,21660,23,0,12,1,1
217,19338,13,0,14,1,1
218,1413,46,0,12,10,1
219,21296,26,0,13,1,1
220,21295,46,0,13,1,1
221,21673,23,0,12,1,1
222,19346,27,0,14,1,1
223,21663,36,0,12,1,1
224,21307,22,1,13,1,1
225,21302,26,0,13,1,1
226,19345,33,0,14,1,1
227,20401,22,0,12,1,1
228,21304,36,0,13,1,1
229,21292,14,0,13,1,1
230,21637,62,0,12,1,1
231,21293,46,1,13,1,1
232,21671,42,0,12,1,1
233,20403,22,0,12,8,1
234,20415,33,0,12,1,1
235,21305,54,0,13,1,1
236,20413,17,0,12,8,1
237,21310,16,0,13,1,1
238,21309,47,0,13,1,1
239,19731,21,0,14,1,0
240,20407,25,0,12,1,0
241,21118,35,1,1,13,1
242,21122,17,0,1,1,1
243,9990573,44,0,1,13,1
244,21123,38,0,1,1,1
245,21544,72,0,2,13,0
246,20159,17,0,2,1,0
247,21617,21,1,2,1,1
248,21621,24,0,2,1,1
249,21622,18,0,2,1,1
250,21623,31,0,2,1,1
251,21624,17,0,2,1,1
252,21299,20,0,13,13,1
253,21300,19,0,13,9,1
254,20406,20,0,12,1,1
255,19730,48,0,14,9,1
256,21308,25,0,13,1,1
257,20404,55,0,12,1,1
258,21311,47,0,13,1,1
259,21619,51,0,3,1,1
260,21625,21,0,3,1,1
261,21581,15,0,3,1,1
262,12987,52,0,1,1,1
263,21119,24,0,1,1,1
264,21120,32,0,1,1,1
265,21121,36,0,1,1,1
266,21124,18,0,1,9,1
267,9990566,29,0,2,13,1
268,21618,16,0,2,13,1
269,21620,16,0,2,1,1
270,21576,32,0,2,1,1
271,21577,32,0,2,1,1
272,21578,22,0,2,1,1
273,21579,16,0,2,2,1
274,21583,25,1,2,13,1
275,21584,22,0,2,10,1
276,21585,19,0,2,2,1
277,21588,64,1,2,2,1
278,21589,20,0,2,1,1
279,21590,65,0,2,1,1
280,21593,47,1,2,2,1
281,21595,42,0,2,1,1
282,21580,35,0,2,1,1
283,21582,41,0,2,1,1
284,21586,86,0,2,10,1
285,21587,27,0,2,1,1
286,21591,26,0,2,1,1
287,20458,32,0,6,1,0
288,20461,23,0,6,1,1
289,21895,100,1,6,12,0
290,21533,20,0,6,1,1
291,21132,20,0,1,2,1
292,21128,41,0,1,9,1
293,21129,21,0,1,1,1
294,21596,22,0,2,1,1
295,19426,19,0,2,1,1
296,19427,20,0,2,1,1
297,19428,21,0,2,10,1
298,21877,23,0,6,1,1
299,21455,20,0,6,1,1
300,19999,19,0,11,1,1
301,20000,36,0,11,1,1
302,21003,36,0,11,13,1
303,21001,20,0,11,1,1
304,21002,16,0,11,1,1
305,21005,20,0,11,1,1
306,21004,50,0,11,1,1
307,21006,26,0,11,1,1
308,21007,22,0,11,1,1
309,21008,30,0,11,1,1
310,21009,51,0,11,1,1
311,21012,22,0,11,1,1
312,21011,48,0,12,1,1
313,21010,35,0,11,1,1
314,21674,37,0,11,13,1
315,21179,27,0,11,1,1
316,21013,18,0,11,1,0
317,21456,39,0,6,1,1
318,17520,21,0,6,1,1
319,16750,20,0,6,1,1
320,19607,100,0,5,9,0
321,19609,100,0,5,1,0
322,6798,100,0,8,12,0
323,6799,100,0,8,12,0
324,6800,100,0,8,12,0
325,11418,100,0,8,12,0
326,9990548,2,0,3,13,0
327,21682,43,0,4,9,1
328,17521,28,0,6,1,1
329,21067,20,0,6,12,1
330,20143,57,1,6,1,1
331,20142,57,0,6,1,1
332,20157,24,0,6,1,1
333,20144,20,0,6,1,1
334,21134,37,0,1,1,1
335,21131,22,0,1,13,1
336,21130,22,0,1,1,1
337,21133,16,0,1,9,1
338,21592,25,1,2,1,1
339,21127,29,0,1,1,1
340,21597,24,0,2,1,1
341,21598,27,0,2,1,1
342,21599,63,1,2,4,1
343,21600,19,0,2,1,1
344,19429,26,1,2,1,1
345,19430,31,0,2,1,1
346,19434,35,0,2,1,1
347,19435,31,0,2,1,1
348,21135,23,0,1,1,1
349,19442,24,0,2,1,1
350,21136,38,0,1,10,1
351,19431,17,0,2,1,1
352,19432,25,0,2,1,1
353,19433,60,1,2,1,1
354,19436,42,0,2,1,1
355,19438,20,0,2,1,1
356,19440,40,0,2,1,1
357,19441,52,1,2,1,1
358,19447,37,0,2,9,1
359,19448,28,0,2,1,1
360,20417,55,0,12,1,1
361,20416,16,0,12,1,1
362,21312,40,0,13,13,1
363,20424,58,0,13,13,1
364,21639,38,1,12,1,1
365,20418,36,0,12,1,1
366,20429,42,1,12,1,1
367,19339,70,0,14,13,1
368,20421,28,0,12,1,1
369,20409,27,1,12,1,1
370,21638,22,0,12,1,1
371,20422,57,0,12,1,1
372,20425,24,0,12,1,1
373,20426,18,0,12,1,1
374,20412,37,0,12,1,1
375,19727,74,0,14,1,1
376,20419,38,0,12,9,1
377,20405,28,0,12,1,1
378,20408,17,1,12,1,1
379,21313,69,0,13,1,1
380,20420,38,1,12,1,1
381,21641,60,0,12,1,1
382,21642,55,0,12,1,1
383,20410,27,1,12,1,1
384,19728,18,0,14,9,1
385,20423,40,1,12,1,1
386,20441,55,0,12,1,1
387,21319,31,0,13,1,1
388,19348,56,0,14,1,1
389,20439,51,1,12,1,1
390,20445,24,0,12,1,1
391,19726,19,0,14,1,1
392,21314,55,0,13,1,1
393,20414,40,0,12,1,1
394,21315,20,1,13,1,1
395,20444,22,0,12,1,1
396,20442,42,0,12,1,1
397,19729,49,0,14,2,1
398,21316,22,0,13,1,1
399,20449,35,1,12,1,1
400,20430,55,0,12,1,1
401,16542,18,0,3,1,0
402,16541,45,0,3,1,1
403,16534,18,0,3,1,1
404,16535,55,1,3,1,1
405,16537,23,0,3,9,1
406,16532,35,0,3,9,1
407,16530,52,0,3,1,1
408,16527,23,0,3,1,1
409,16526,21,0,3,1,1
410,16546,27,0,3,1,1
411,16538,54,0,3,1,1
412,16539,43,0,3,1,1
413,16533,21,0,3,1,1
414,16536,25,0,3,1,1
415,16529,16,0,3,1,1
416,16528,40,0,3,1,1
417,16531,43,0,3,1,1
418,16525,23,1,3,1,1
419,16524,22,0,3,1,1
420,16523,39,1,3,1,1
421,16549,24,0,3,1,1
422,16547,25,0,3,1,1
423,16540,30,0,3,1,1
424,16543,47,1,3,1,1
425,16521,40,1,3,9,1
426,16520,35,0,3,1,1
427,16548,23,0,3,1,1
428,16544,49,0,3,1,1
429,16545,69,0,3,1,1
430,16522,79,0,3,10,1
431,19612,38,0,5,13,1
432,17796,51,0,5,1,1
433,12524,59,1,5,1,1
434,17795,16,0,5,1,1
435,19613,23,0,5,1,1
436,21684,27,0,4,1,1
437,21688,28,0,4,1,1
438,21546,40,0,5,1,1
439,12522,21,0,5,1,1
440,17797,22,0,5,2,1
441,19614,43,0,5,9,1
442,20177,49,0,5,1,1
443,12525,35,0,5,1,1
444,12491,18,0,5,1,1
445,20165,46,0,5,13,1
446,21686,28,0,4,1,1
447,21685,32,0,4,14,1
448,12521,25,0,5,1,1
449,17798,28,0,5,2,1
450,17799,27,0,5,1,1
451,12492,59,0,5,1,1
452,20178,23,0,5,1,1
453,20179,18,0,5,1,1
454,12495,29,0,5,1,1
455,19615,37,0,5,1,1
456,12493,49,1,5,1,1
457,12494,30,0,5,1,1
458,12496,50,0,5,1,1
459,21401,24,0,5,16,0
460,21689,42,0,4,1,1
461,12050,100,1,5,12,1
462,20170,18,0,5,1,0
463,20162,31,0,6,9,1
464,21461,36,0,6,1,1
465,11034,20,0,6,1,1
466,12497,56,0,5,1,1
467,20180,27,0,5,1,1
468,19619,29,0,5,9,1
469,19618,29,0,5,9,0
470,19617,21,0,5,9,0
471,19616,30,0,5,9,0
472,17800,18,0,5,1,1
473,20328,20,0,6,1,1
474,17544,37,0,6,1,1
475,21462,32,0,6,1,1
476,11033,17,0,6,1,1
477,11032,42,0,6,1,1
478,20166,48,0,6,1,1
479,17546,17,0,6,1,1
480,21460,18,0,6,1,1
481,20327,18,1,6,2,1
482,21527,22,0,6,1,1
483,19187,49,1,6,1,1
484,21545,28,0,9,13,1
485,17547,41,0,6,1,1
486,21059,51,0,6,1,1
487,21068,21,0,6,1,1
488,21464,25,0,6,13,1
489,20465,30,0,6,1,1
490,20462,60,0,6,1,1
491,17525,20,0,6,1,1
492,20466,21,1,6,1,1
493,20330,57,0,6,1,1
494,17549,21,1,6,10,1
495,20463,38,0,6,1,1
496,21069,27,0,6,1,1
497,20464,18,0,6,1,1
498,20148,17,0,6,1,1
499,20472,39,0,6,14,1
500,21071,35,1,6,1,1
501,17548,48,0,6,1,1
502,20471,38,0,6,2,1
503,21453,22,0,6,1,1
504,21465,25,0,6,1,1
505,19184,41,1,6,1,1
506,20470,33,0,6,1,1
507,20335,24,1,6,1,1
508,20334,26,0,6,1,0
509,21454,50,0,6,1,1
510,19208,23,0,6,1,1
511,21977,18,0,6,1,1
512,21073,29,0,6,1,1
513,20468,21,0,6,1,1
514,20477,18,1,6,2,1
515,20336,18,0,6,1,1
516,19205,26,0,6,1,1
517,20151,24,0,6,1,1
518,20169,27,1,6,1,1
519,21976,22,0,6,1,1
520,20338,24,0,6,1,1
521,21978,14,0,6,1,1
522,21459,28,1,6,1,1
523,20084,18,0,6,2,1
524,19185,19,0,6,1,1
525,19204,35,0,6,1,1
526,21458,21,0,6,1,1
527,21467,70,0,6,1,1
528,20337,45,0,6,1,1
529,21468,22,0,6,1,1
530,20475,35,0,6,2,1
531,20333,50,0,6,1,1
532,20473,33,0,6,13,1
533,20474,23,0,6,1,1
534,20332,22,0,6,9,1
535,20331,15,1,6,1,1
536,20339,20,0,6,1,1
537,20085,21,1,6,1,1
538,21457,17,0,6,1,1
539,21074,27,0,6,1,1
540,21547,39,0,6,2,1
541,19202,29,0,6,1,1
542,21075,25,0,6,1,1
543,19203,25,0,6,1,1
544,20469,19,0,6,1,1
545,17550,40,0,6,1,1
546,19207,15,0,6,1,1
547,19186,18,0,6,1,1
548,20478,69,0,6,1,1
549,20385,26,1,8,1,1
550,21260,37,0,7,1,1
551,21016,50,1,11,9,1
552,21015,25,1,11,9,1
553,21019,29,0,11,1,1
554,21466,27,0,6,1,1
555,21980,23,0,6,1,1
556,19209,39,0,6,1,1
557,20479,16,0,6,1,1
558,20167,25,1,6,1,1
559,20476,45,0,6,1,1
560,20601,31,0,6,1,1
561,20467,28,0,6,1,1
562,17545,59,0,6,1,1
563,21070,39,0,6,1,1
564,19201,44,0,6,1,1
565,21469,100,0,6,1,0
566,21470,100,0,6,1,0
567,20329,14,0,6,1,1
568,18856,24,0,9,1,1
569,21250,59,1,7,1,1
570,21253,24,0,7,1,1
571,18745,51,0,10,1,1
572,21249,42,0,7,1,1
573,19654,35,0,9,1,1
574,21252,45,0,7,1,1
575,20377,36,0,8,1,1
576,18744,29,0,10,1,1
577,20376,21,0,8,1,1
578,20380,30,0,8,1,1
579,18748,29,1,10,1,1
580,20378,29,0,8,1,1
581,18746,29,1,10,1,1
582,20382,36,0,8,1,1
583,20381,34,0,8,1,1
584,20387,17,0,8,1,1
585,21257,40,0,7,1,1
586,21254,25,0,7,1,1
587,21256,27,0,7,1,1
588,20386,49,0,8,14,1
589,18883,20,0,9,1,1
590,19680,33,0,9,1,1
591,20388,50,1,8,1,1
592,18908,45,0,9,1,1
593,20383,32,1,8,1,1
594,20391,43,0,8,1,1
595,19669,65,1,9,9,1
596,18750,25,0,10,1,1
597,19667,39,0,9,1,1
598,20390,19,0,8,1,1
599,21258,58,0,7,1,1
600,21255,39,0,7,1,1
601,20379,53,1,8,1,1
602,18909,37,0,9,1,1
603,21261,24,0,7,1,1
604,20389,17,0,8,1,1
605,20392,50,1,8,1,1
606,20384,50,1,8,1,1
607,18747,25,0,10,1,1
608,21017,39,0,11,1,1
609,21026,31,0,11,1,1
610,21020,65,1,11,1,1
611,21027,69,0,11,1,1
612,21030,40,0,11,1,1
613,21137,22,0,1,1,1
614,20077,100,1,8,12,0
615,12999,100,0,8,9,0
616,11420,100,0,8,12,0
617,19439,23,0,2,1,0
618,19443,25,0,2,1,0
619,19444,27,0,2,1,0
620,19445,33,0,2,1,0
621,21021,45,1,11,1,1
622,21023,59,0,11,1,1
623,21022,24,0,11,1,1
624,21025,22,0,11,10,1
625,21024,17,0,11,1,1
626,21029,62,0,11,1,1
627,21126,64,0,1,1,0
628,11421,100,0,8,9,0
629,11419,100,1,8,12,0
630,20393,66,0,8,1,0
631,19437,25,1,2,1,0
632,19446,23,0,2,1,0
633,21028,35,0,11,9,0
634,19191,25,0,6,1,1
635,12039,31,0,2,1,1
636,12040,48,0,2,1,1
637,12037,23,0,2,1,1
638,20277,38,0,2,1,1
639,20278,23,0,2,1,1
640,20279,46,1,2,1,1
641,20280,23,0,2,1,1
642,20284,31,0,2,1,1
643,20285,18,0,2,1,1
644,12041,39,0,2,1,1
645,12038,52,0,2,1,1
646,19449,84,0,2,10,1
647,19450,19,0,2,1,1
648,20276,35,0,2,1,1
649,20281,16,0,2,1,1
650,20282,37,0,2,1,1
651,20283,29,0,2,1,1
652,20286,24,0,2,1,1
653,20287,60,0,2,13,1
654,20652,21,0,1,1,1
655,20655,34,0,1,1,1
656,21150,26,0,1,1,1
657,20651,25,1,1,1,1
658,20288,27,0,2,9,1
659,20653,18,0,1,1,1
660,20654,46,0,1,1,1
661,20289,24,0,2,1,1
662,20290,24,0,2,1,1
663,20291,38,0,2,13,1
664,20433,13,1,14,1,1
665,21317,55,1,13,1,1
666,19701,17,0,14,1,1
667,20428,48,0,12,13,1
668,20443,35,1,12,1,1
669,19709,62,0,14,1,1
670,20758,42,0,12,1,1
671,19710,39,0,14,1,1
672,20450,41,0,12,1,1
673,20760,30,0,12,1,1
674,21318,52,0,13,1,1
675,21321,35,0,13,1,1
676,20446,47,0,12,1,1
677,21320,28,0,13,1,1
678,20757,51,0,12,1,1
679,20754,45,1,12,1,1
680,20427,20,0,12,1,1
681,20434,51,1,12,1,1
682,20751,25,0,12,1,1
683,20759,23,0,14,1,1
684,20763,25,0,12,9,1
685,20753,22,0,12,1,1
686,20752,23,0,12,1,1
687,20767,31,0,12,1,1
688,21827,23,0,11,1,1
689,19708,45,0,14,1,1
690,21324,24,0,13,13,1
691,20761,20,0,12,1,1
692,19702,31,0,14,1,1
693,20507,32,0,3,1,1
694,20508,25,0,3,1,1
695,17657,29,0,3,1,1
696,17658,35,0,3,1,1
697,17659,25,0,3,1,1
698,17660,20,0,3,1,1
699,17675,46,0,3,1,1
700,17673,18,0,3,9,1
701,20501,22,1,3,13,1
702,17672,77,0,3,1,1
703,21322,22,0,13,1,1
704,19703,17,0,14,1,1
705,21323,21,0,13,9,1
706,20755,19,0,12,1,1
707,20435,70,0,13,1,1
708,20436,23,0,12,13,1
709,20026,30,0,13,1,1
710,20505,41,0,3,1,1
711,20503,25,1,3,1,1
712,20504,23,0,3,1,1
713,20502,23,0,3,1,1
714,17655,40,1,3,1,1
715,17656,49,0,3,1,1
716,17652,16,0,3,1,1
717,17674,49,0,3,1,1
718,17669,45,0,3,1,1
719,17668,44,0,3,1,1
720,17666,23,0,3,1,1
721,17665,45,0,3,1,1
722,17670,15,1,3,9,1
723,17671,17,0,3,1,1
724,17654,20,0,3,1,1
725,17661,25,0,3,1,1
726,20506,18,0,3,1,1
727,17664,17,0,3,1,1
728,17663,19,0,3,1,1
729,17662,24,0,3,1,1
730,17667,36,1,3,1,1
731,17653,23,0,3,1,1
732,16550,16,1,3,1,1
733,17651,21,0,3,1,1
734,21695,50,0,4,1,0
735,21691,42,0,4,1,0
736,21687,17,0,4,1,0
737,21692,27,0,4,1,0
738,21694,39,0,4,1,0
739,21697,36,0,4,1,0
740,21699,22,0,4,1,0
741,21690,63,0,4,1,0
742,21693,35,0,4,1,0
743,21702,24,0,4,9,1
744,21707,26,0,4,1,0
745,21705,30,0,4,13,1
746,21701,27,0,4,1,0
747,21706,47,0,4,1,0
748,21696,73,0,4,1,0
749,21698,30,0,4,1,0
750,21703,38,0,4,1,0
751,21708,23,0,4,1,0
752,21709,21,0,4,1,0
753,21704,35,0,4,1,0
754,21700,18,0,4,9,0
755,19621,22,0,5,1,1
756,19620,50,0,5,1,1
757,21402,62,0,5,1,0
758,20181,19,0,5,1,0
759,12498,26,0,5,1,0
760,19622,18,0,5,1,0
761,19623,39,0,5,1,0
762,20210,46,0,5,1,0
763,21403,38,0,5,2,1
764,20211,49,0,5,1,0
765,20353,19,1,5,1,0
766,20352,24,0,5,1,0
767,12499,48,0,5,1,0
768,12500,32,0,5,9,0
769,20208,25,0,5,1,0
770,20209,20,0,5,1,0
771,19624,46,0,5,1,0
772,20226,36,0,5,1,0
773,20227,27,0,5,1,0
774,20228,23,0,5,1,0
775,20354,18,0,5,1,0
776,12483,29,0,6,1,0
777,21405,37,0,5,3,1
778,21406,40,0,5,9,0
779,12484,22,0,5,1,0
780,19625,34,0,5,1,0
781,21404,38,0,5,1,0
782,20230,57,1,5,1,0
783,20231,32,0,5,1,0
784,20232,34,1,5,1,1
785,21979,16,1,6,1,0
786,20340,19,1,6,1,0
787,20150,20,0,6,1,0
788,20233,32,1,5,1,1
789,20854,35,1,4,1,0
790,20229,48,0,2,1,0
791,19210,74,1,6,1,0
792,20163,24,0,6,1,0
793,20149,63,0,6,1,0
794,21548,30,0,6,1,0
795,20341,19,0,6,1,0
796,20480,21,0,6,1,0
797,20344,35,0,6,1,0
798,20483,20,0,6,1,0
799,21471,50,0,6,1,0
800,20482,19,0,6,1,0
801,21997,25,0,6,1,0
802,20499,39,0,6,1,0
803,20136,35,0,6,9,0
804,20605,19,0,6,1,0
805,20606,26,0,6,1,0
806,20347,43,0,6,1,0
807,20346,24,1,6,9,1
808,20171,21,0,6,10,0
809,21474,16,0,6,1,0
810,21994,21,0,6,1,0
811,21982,44,0,6,2,1
812,20852,26,0,6,1,0
813,20481,31,0,6,1,0
814,20602,26,0,6,1,0
815,20342,23,0,6,1,0
816,20604,35,0,6,2,1
817,21472,25,1,6,1,0
818,21473,29,0,6,1,0
819,20343,47,1,6,1,1
820,20345,30,0,6,13,0
821,20491,30,0,6,2,0
822,20487,42,0,6,1,0
823,20349,39,0,6,1,0
824,20350,24,0,6,1,0
825,20576,81,0,6,1,0
826,20488,30,0,6,1,0
827,21981,42,0,6,1,0
828,20603,69,0,6,1,1
829,20851,25,0,6,1,0
830,20168,24,0,3,1,0
831,20173,27,0,6,1,0
832,20135,33,0,6,1,0
833,20492,40,0,6,1,0
834,20493,43,1,6,1,0
835,16094,28,0,6,1,0
836,19192,32,0,6,1,0
837,20495,29,1,6,1,0
838,20172,25,0,6,1,0
839,20490,49,0,6,1,0
840,20489,36,0,6,13,1
841,20484,35,0,6,1,0
842,20486,25,0,6,1,0
843,20496,50,0,6,1,0
844,21983,39,0,6,1,0
845,20578,27,0,6,9,0
846,20577,22,0,6,1,0
847,20607,15,0,6,1,0
848,20494,30,0,6,1,0
849,21985,23,0,6,1,0
850,20174,45,0,6,1,0
851,20856,16,0,6,2,0
852,20855,18,0,6,2,0
853,21475,23,0,6,1,0
854,21989,33,0,6,1,0
855,21986,46,0,6,1,0
856,21987,27,0,6,1,0
857,20580,34,0,6,1,0
858,20485,26,0,6,13,0
859,20500,53,0,6,1,0
860,20498,18,0,6,1,0
861,20497,23,0,6,1,0
862,20134,16,0,6,1,0
863,21998,55,0,6,1,0
864,20579,27,0,6,1,0
865,21995,18,0,6,1,0
866,21988,15,0,6,1,0
867,20928,23,0,6,1,0
868,19673,28,0,9,1,1
869,21262,43,0,7,1,1
870,21263,25,0,7,1,1
871,21264,30,0,7,9,1
872,20394,19,0,8,1,1
873,20400,33,0,8,1,1
874,20397,54,0,8,1,1
875,21807,26,0,8,1,1
876,21812,17,0,8,1,0
877,21327,27,0,10,1,1
878,21328,24,0,10,1,1
879,21329,56,1,10,1,1
880,9990555,43,0,10,9,1
881,19670,42,1,9,1,1
882,20398,100,1,8,2,1
883,20399,23,0,8,1,1
884,20611,30,1,6,1,0
885,20132,41,0,6,1,0
886,19196,22,0,6,1,0
887,21993,53,0,6,1,0
888,20175,21,0,6,1,0
889,20927,29,1,6,1,0
890,20926,25,0,6,1,0
891,20348,100,1,6,12,1
892,19671,18,0,9,1,1
893,18910,73,1,9,1,1
894,21265,18,1,7,1,1
895,21266,37,0,7,1,1
896,20395,20,0,8,2,1
897,20396,17,0,8,1,1
898,21808,36,0,8,1,0
899,21810,19,0,8,1,0
900,21811,16,0,8,1,0
901,21809,21,0,8,1,1
902,21332,18,0,10,1,1
903,21331,47,0,10,1,1
904,21330,33,0,10,1,1
905,21333,28,0,10,1,1
906,20078,100,0,8,12,0
907,20080,100,0,8,12,0
908,9990556,100,0,10,12,0
909,21032,43,1,11,1,1
910,21038,60,0,11,1,1
911,21040,22,0,11,1,1
912,21041,17,0,11,1,1
913,21045,28,0,11,1,1
914,21048,19,0,11,1,1
915,21050,29,0,11,1,1
916,21826,26,0,11,1,1
917,21039,23,0,11,1,1
918,21049,19,1,11,1,0
919,21143,20,0,1,1,0
920,21144,44,1,1,1,0
921,21145,54,1,1,1,0
922,21146,19,0,1,6,0
923,21147,67,0,1,6,0
924,19316,25,0,14,1,0
925,20857,32,0,6,1,1
926,20292,22,0,2,1,1
927,14166,14,0,2,9,1
928,20293,34,0,2,1,1
929,20294,37,0,2,1,1
930,20082,32,0,2,1,1
931,15288,30,0,2,1,1
932,20081,100,0,8,9,0
933,21031,13,0,11,9,1
934,21033,42,0,11,1,1
935,21034,35,0,11,13,1
936,21035,39,0,11,13,1
937,21036,41,0,11,1,1
938,21037,34,1,11,1,1
939,21042,41,0,11,9,1
940,21044,45,0,11,1,1
941,21043,40,0,11,9,1
942,21047,27,1,11,1,1
943,21046,29,0,11,1,1
944,21828,24,0,11,1,1
945,21138,30,0,1,1,0
946,21139,30,0,1,1,0
947,21140,44,0,1,1,0
948,21141,48,1,1,1,0
949,21142,34,0,1,6,0
950,21148,25,0,1,6,0
951,21149,45,0,1,13,0
952,21528,19,0,8,1,1
953,14164,16,0,2,9,1
954,14165,24,0,2,9,1
955,14167,16,0,2,9,1
956,20083,20,0,2,1,1
957,15289,16,0,2,1,1
958,20295,19,0,2,1,1
959,20296,28,0,2,1,1
960,20297,22,0,2,1,1
961,20300,21,0,2,1,1
962,21726,25,0,2,9,1
963,21727,45,0,2,13,1
964,21731,21,1,2,9,1
965,21732,21,0,2,1,1
966,21733,27,1,2,4,1
967,21734,30,0,2,9,1
968,20656,28,0,1,1,1
969,20657,67,1,1,1,1
970,20658,71,0,1,1,1
971,20305,39,0,1,10,1
972,20307,27,1,1,1,1
973,20308,26,0,1,9,1
974,20306,52,0,1,1,1
975,20304,42,0,1,1,1
976,20303,25,0,1,1,1
977,21728,33,1,2,2,1
978,20299,17,0,2,9,1
979,21729,17,0,2,1,1
980,21735,23,0,2,6,1
981,21736,23,0,2,10,1
982,20659,34,0,1,1,1
983,20662,22,0,1,1,1
984,20673,44,0,1,9,1
985,20302,22,0,1,1,1
986,20301,32,0,1,1,1
987,20675,22,0,1,1,1
988,20674,48,0,1,1,1
989,20672,16,0,1,1,1
990,20670,44,0,1,1,1
991,20671,35,0,1,1,1
992,20664,29,0,1,9,1
993,20663,21,0,1,1,1
994,20660,14,0,1,1,1
995,20661,39,0,1,1,1
996,20514,40,0,3,1,1
997,20519,22,0,3,1,1
998,20515,28,0,3,1,1
999,20510,67,1,3,9,1
1000,20518,19,0,3,1,1
1001,20527,22,0,3,1,1
1002,20526,20,0,3,9,1
1003,20523,25,0,3,1,1
1004,20668,28,1,1,1,1
1005,20667,51,0,1,13,1
1006,20666,35,0,1,1,1
1007,20665,32,0,1,1,1
1008,20298,23,0,2,1,0
1009,21730,18,0,2,1,0
1010,20511,62,1,3,1,1
1011,20512,27,0,3,1,1
1012,20513,35,0,3,1,1
1013,20517,30,1,3,1,1
1014,20509,22,0,3,1,1
1015,20524,19,0,3,1,1
1016,20525,16,0,3,1,1
1017,20522,14,0,3,1,1
1018,20528,31,0,3,1,1
1019,20521,16,1,3,1,1
1020,20520,31,0,3,1,1
1021,20529,42,1,3,9,1
1022,21725,76,0,4,13,1
1023,21723,24,0,4,1,0
1024,21721,54,0,4,1,0
1025,21718,28,0,4,1,0
1026,21715,28,0,4,1,0
1027,21716,28,0,4,1,0
1028,21714,47,0,4,1,0
1029,21710,23,0,4,1,0
1030,20234,23,0,5,1,0
1031,20212,100,0,5,12,0
1032,20235,100,0,5,16,0
1033,20531,45,0,3,1,1
1034,20530,24,1,3,1,1
1035,21724,17,0,4,1,0
1036,21722,26,0,4,1,0
1037,21719,44,0,4,1,0
1038,21717,29,0,4,13,1
1039,21720,27,0,4,1,0
1040,21713,26,0,4,1,0
1041,21712,55,0,4,1,0
1042,21711,39,0,4,1,0
1043,21407,36,0,5,1,1
1044,20356,60,0,5,9,0
1045,21408,18,1,5,2,1
1046,20236,28,0,5,1,0
1047,20237,21,0,5,1,0
1048,20213,50,0,5,1,0
1049,20358,31,0,5,1,0
1050,12517,29,0,5,1,0
1051,20239,34,1,5,1,0
1052,20215,29,0,5,1,0
1053,20361,19,0,5,1,0
1054,20214,18,0,5,1,0
1055,18860,28,0,9,1,1
1056,18911,20,0,9,1,1
1057,21269,16,0,7,1,1
1058,21268,22,0,7,1,1
1059,21270,38,0,7,1,1
1060,21271,24,1,7,13,1
1061,21817,44,1,8,1,0
1062,9990558,21,0,8,9,1
1063,21822,20,0,8,9,1
1064,20238,28,0,5,13,1
1065,8946,21,0,5,1,0
1066,21409,29,0,5,10,1
1067,20359,26,0,5,1,0
1068,20360,24,0,5,1,0
1069,19674,38,0,9,6,1
1070,18884,39,0,9,1,1
1071,18912,43,0,9,13,1
1072,21267,56,0,7,1,1
1073,21273,16,0,7,1,1
1074,21272,18,0,7,1,1
1075,21813,20,0,8,1,1
1076,21815,78,0,8,1,0
1077,21821,18,0,8,9,1
1078,21814,25,0,8,1,1
1079,21818,23,0,8,1,0
1080,23351,19,0,8,9,1
1081,21823,25,0,8,1,1
1082,21820,38,1,8,1,0
1083,21819,18,0,8,1,0
1084,21334,33,0,10,13,1
1085,21338,17,0,10,1,1
1086,21339,25,0,10,1,1
1087,19719,17,0,14,1,1
1088,20438,16,1,12,1,1
1089,9990564,21,0,13,4,0
1090,21335,19,0,10,1,1
1091,21336,24,0,10,9,1
1092,21337,22,0,10,9,1
1093,21830,48,0,11,1,1
1094,21644,25,0,11,1,1
1095,20776,23,0,11,1,1
1096,21832,25,0,11,9,1
1097,21835,47,0,11,1,1
1098,21836,91,0,11,1,1
1099,21839,17,1,11,1,1
1100,21838,28,0,11,1,1
1101,21834,47,1,11,1,1
1102,21837,27,0,11,1,1
1103,21841,17,0,11,1,1
1104,21840,28,0,11,1,1
1105,21844,22,0,11,1,1
1106,21842,18,0,11,1,1
1107,21843,20,0,11,1,1
1108,21829,25,0,11,1,1
1109,19712,37,0,14,1,1
1110,20756,38,0,12,1,1
1111,19714,19,0,14,1,1
1112,19707,20,0,14,9,1
1113,20027,38,0,13,14,1
1114,20447,33,0,12,1,1
1115,20448,38,0,12,1,1
1116,20779,49,0,11,10,1
1117,20780,22,0,12,1,1
1118,19724,63,0,14,1,1
1119,20028,18,0,13,1,1
1120,20778,50,0,12,1,1
1121,20029,25,0,13,1,1
1122,21325,39,0,13,1,1
1123,20437,46,1,12,1,1
1124,20781,28,0,12,15,1
1125,20796,20,0,12,1,1
1126,19720,34,1,14,9,1
1127,20764,28,0,12,1,1
1128,20030,38,0,13,1,1
1129,19718,20,0,14,9,1
1130,19715,25,0,14,9,1
1131,19716,25,0,14,9,1
1132,19717,25,0,14,9,1
1133,20031,2,1,13,2,1
1134,20768,16,0,12,1,1
1135,20032,45,0,13,13,1
1136,20798,40,0,12,1,1
1137,19705,33,0,14,1,1
1138,19347,34,0,14,1,1
1139,19704,30,0,14,1,1
1140,20769,24,0,14,9,1
1141,20797,19,0,11,9,1
1142,20794,54,0,12,1,1
1143,20777,77,0,11,7,1
1144,20033,27,0,13,1,1
1145,19711,38,0,14,1,1
1146,20581,21,0,6,1,0
1147,20726,20,0,6,1,0
1148,21999,23,0,6,1,0
1149,20728,21,0,6,1,0
1150,20929,22,0,6,1,0
1151,20582,28,0,6,1,0
1152,20727,18,0,6,1,0
1153,20609,18,0,6,1,0
1154,12042,63,0,6,9,1
1155,20933,60,0,6,9,1
1156,20730,60,0,6,1,0
1157,20732,0,1,6,10,1
1158,20585,17,0,6,10,1
1159,20587,44,1,6,1,0
1160,20147,16,0,6,1,0
1161,20589,29,0,6,1,0
1162,20133,20,0,6,1,0
1163,20938,24,0,6,1,0
1164,20940,31,0,7,1,0
1165,20588,20,1,6,1,0
1166,20934,22,0,6,13,1
1167,20863,27,0,6,1,0
1168,16096,37,0,6,1,0
1169,20613,29,0,6,1,0
1170,20936,20,0,6,1,0
1171,20729,15,1,6,1,0
1172,20860,51,0,8,1,0
1173,20935,25,0,6,1,0
1174,20932,25,0,6,1,0
1175,20616,17,0,6,1,0
1176,20615,20,0,6,1,0
1177,24098,35,0,6,1,0
1178,20858,29,0,6,1,0
1179,20612,55,0,6,1,0
1180,20930,19,0,6,1,0
1181,19198,17,0,6,2,1
1182,20937,51,1,6,1,0
1183,20583,39,1,6,1,0
1184,16093,24,0,6,1,0
1185,20617,24,0,6,1,0
1186,20593,17,0,6,10,1
1187,20861,25,0,5,1,0
1188,20931,45,1,6,1,0
1189,20869,30,0,6,1,0
1190,20591,28,0,6,1,0
1191,20614,25,0,6,1,0
1192,20595,20,1,6,2,1
1193,20592,23,0,6,10,1
1194,20867,30,0,6,1,0
1195,18401,39,0,6,1,0
1196,16099,21,0,6,1,0
1197,20704,40,0,6,1,0
1198,20943,50,0,6,1,0
1199,20598,38,1,6,1,0
1200,22000,17,0,6,1,0
1201,20864,20,0,6,1,0
1202,20951,25,0,6,1,0
1203,16095,17,0,6,1,0
1204,20942,22,0,6,1,0
1205,20594,30,0,6,1,0
1206,20944,22,0,6,6,1
1207,20706,16,0,6,1,0
1208,20705,35,1,6,1,0
1209,20701,26,0,6,1,0
1210,21984,20,1,6,1,0
1211,20590,25,0,6,1,1
1212,20941,25,0,6,13,1
1213,20949,30,0,6,2,1
1214,20948,28,0,6,1,0
1215,20599,15,0,6,1,0
1216,20596,18,0,6,1,0
1217,21991,23,0,6,1,0
1218,20733,46,0,6,1,0
1219,20947,30,1,6,1,0
1220,20871,20,0,6,1,0
1221,20952,21,0,6,1,0
1222,20946,41,0,6,1,0
1223,20600,51,0,6,1,0
1224,20953,20,0,6,1,0
1225,20131,42,0,6,1,0
1226,21990,41,0,6,1,0
1227,20945,47,0,6,1,0
1228,20954,35,0,6,13,1
1229,20597,41,0,6,1,0
1230,20623,33,1,6,1,0
1231,20618,24,0,6,1,0
1232,20551,22,1,6,1,0
1233,24099,46,0,6,1,0
1234,19194,15,1,6,1,0
1235,20620,21,0,6,1,0
1236,20738,21,0,6,1,0
1237,20737,22,0,6,1,0
1238,20624,16,0,6,1,0
1239,23050,23,0,6,1,0
1240,20552,27,0,6,1,0
1241,19200,47,0,6,1,0
1242,21992,17,0,6,1,0
1243,12445,40,0,6,1,0
1244,20584,52,1,6,1,0
1245,20622,51,1,6,1,0
1246,20950,27,0,6,1,0
1247,20619,24,0,6,1,0
1248,20956,20,0,6,1,0
1249,20625,17,0,6,1,0
1250,20703,19,0,6,1,0
1251,20736,17,0,6,1,0
1252,20621,47,0,6,1,0
1253,20702,20,0,6,1,0
1254,19195,31,0,6,1,0
1255,12425,30,0,6,1,0
1256,23001,19,0,6,1,0
1257,19193,40,0,6,9,1
1258,20939,25,0,6,1,0
1259,19211,67,0,6,1,0
1260,20310,16,0,1,1,1
1261,20955,22,0,6,1,0
1262,21833,25,1,11,9,0
1263,21831,23,1,11,9,0
1264,20363,18,1,5,2,0
1265,20586,20,0,6,1,0
1266,20311,50,0,1,1,1
1267,20312,23,0,1,1,1
1268,20313,44,0,1,1,1
1269,20309,30,0,1,1,1
1270,21740,18,0,1,1,1
1271,21742,53,0,2,2,1
1272,21743,21,0,2,1,1
1273,21744,40,0,2,1,1
1274,21747,42,0,1,1,1
1275,21748,36,0,2,1,1
1276,21749,23,0,2,1,1
1277,20538,21,0,3,1,1
1278,21738,37,0,2,1,1
1279,21741,43,0,2,13,1
1280,21746,20,0,2,9,1
1281,21750,26,0,2,1,1
1282,20547,33,0,3,1,1
1283,20539,40,0,3,1,1
1284,20542,25,0,3,1,1
1285,20537,19,0,3,1,1
1286,20534,39,0,3,1,1
1287,20536,22,0,3,1,1
1288,20533,50,0,3,1,1
1289,20535,33,0,3,1,1
1290,20543,65,0,3,9,1
1291,20546,20,0,3,1,1
1292,20544,53,0,3,1,1
1293,20545,19,1,3,1,1
1294,20540,15,0,3,1,1
1295,20541,16,0,3,9,1
1296,23128,24,0,4,1,0
1297,23127,49,0,4,1,0
1298,20365,29,0,5,1,0
1299,23126,33,0,4,1,0
1300,23129,16,0,4,1,0
1301,20676,18,0,5,1,0
1302,20241,70,1,5,13,0
1303,20216,40,0,5,9,0
1304,20242,44,1,5,1,0
1305,20366,25,0,5,1,0
1306,20217,17,0,5,1,0
1307,20240,44,0,5,1,0
1308,20368,21,0,5,1,0
1309,20243,65,0,5,1,0
1310,20372,40,0,5,1,0
1311,20369,22,0,5,9,0
1312,20245,19,0,5,1,0
1313,20246,21,0,5,1,0
1314,20244,19,0,5,1,0
1315,20371,18,0,5,1,0
1316,20370,25,0,5,13,0
1317,21411,40,0,5,9,0
1318,23103,53,0,5,1,0
1319,20373,37,0,5,9,0
1320,21413,32,0,5,1,0
1321,20374,44,0,5,1,0
1322,23104,25,0,5,10,0
1323,20247,21,0,5,1,0
1324,20375,19,0,5,1,0
1325,21275,27,0,7,1,1
1326,21274,33,0,7,1,1
1327,23404,27,0,7,1,1
1328,20248,43,0,5,1,0
1329,21414,33,0,5,1,0
1330,23102,25,0,5,1,0
1331,20364,32,0,5,1,1
1332,19672,30,0,9,9,1
1333,23406,25,1,7,2,1
1334,23407,17,0,7,9,1
1335,23405,17,1,7,15,1
1336,23412,22,0,7,1,1
1337,23413,21,0,7,9,1
1338,23414,34,1,7,1,1
1339,23415,35,0,7,1,1
1340,23354,30,0,8,1,1
1341,23355,34,0,8,9,1
1342,23356,23,0,8,1,1
1343,23359,43,0,8,9,0
1344,23409,28,0,7,1,1
1345,23410,22,0,7,1,1
1346,23408,15,0,7,1,1
1347,23411,23,0,7,1,1
1348,23353,44,0,8,1,1
1349,23352,37,0,8,13,1
1350,21824,26,0,8,1,1
1351,21825,35,0,8,1,0
1352,23358,39,0,8,1,0
1353,23361,25,0,8,1,1
1354,23360,50,0,8,1,1
1355,23357,26,0,8,1,1
1356,23363,24,0,8,1,1
1357,23366,26,0,8,1,1
1358,23364,20,0,8,9,1
1359,23365,17,0,8,9,1
1360,23362,42,0,8,1,0
1361,21341,19,0,10,1,1
1362,21342,30,0,10,9,1
1363,21344,18,0,10,1,1
1364,21347,27,0,10,1,1
1365,21348,24,0,10,1,1
1366,21343,18,0,10,1,1
1367,21345,40,1,10,1,1
1368,21340,35,0,10,1,1
1369,21349,39,0,10,1,1
1370,21350,43,0,10,1,1
1371,23451,15,0,10,1,1
1372,21410,24,0,5,2,0
1373,23401,18,0,7,12,0
1374,23402,17,0,7,12,0
1375,23403,17,0,7,12,0
1376,16497,20,0,6,9,0
1377,16494,25,0,6,9,0
1378,16495,30,0,6,9,0
1379,16496,22,0,6,9,0
1380,21850,35,0,11,1,1
1381,21852,23,0,11,1,1
1382,21851,40,0,11,1,1
1383,21847,21,0,11,1,1
1384,21845,47,0,11,1,1
1385,21846,30,0,11,1,1
1386,21848,15,0,11,9,0
1387,21849,100,1,11,9,0
1388,23185,29,0,12,1,1
1389,20782,39,0,12,1,1
1390,20799,38,0,12,1,1
1391,20771,39,0,12,1,1
1392,20783,21,0,12,1,1
1393,23195,34,0,12,1,1
1394,20037,19,0,13,1,1
1395,23179,36,0,12,1,1
1396,19725,22,0,14,1,1
1397,23188,21,0,12,1,1
1398,19735,62,0,14,1,1
1399,20784,40,1,12,1,1
1400,20773,37,1,12,1,1
1401,23194,18,0,12,1,1
1402,19736,22,0,14,1,1
1403,23181,34,0,12,1,1
1404,23178,16,0,12,1,1
1405,20775,22,0,12,1,1
1406,23180,39,0,12,1,1
1407,19721,42,0,14,2,1
1408,23182,18,0,12,1,1
1409,23199,24,0,12,1,1
1410,20795,19,0,12,1,1
1411,23197,31,0,12,1,1
1412,23183,34,0,12,1,1
1413,23002,20,0,6,1,0
1414,16098,30,1,6,10,1
1415,20774,24,1,12,1,1
1416,20800,40,0,12,9,1
1417,20785,29,0,12,1,1
1418,19746,32,1,14,1,1
1419,20036,42,1,13,9,1
1420,20035,57,0,13,9,1
1421,19706,26,0,14,1,1
1422,16092,23,0,6,1,0
1423,20155,33,0,6,1,0
1424,20152,19,0,6,1,0
1425,23005,16,0,6,1,0
1426,20962,27,0,6,1,0
1427,20957,18,0,6,1,0
1428,20628,34,0,6,1,0
1429,20965,11,0,6,1,0
1430,20964,22,1,6,10,1
1431,21549,56,0,6,1,0
1432,20156,19,0,6,1,1
1433,20959,23,1,6,1,0
1434,20960,18,0,6,1,0
1435,16097,22,0,6,1,0
1436,20626,23,0,6,1,0
1437,9990563,30,0,6,2,1
1438,20631,72,0,6,1,0
1439,20963,56,0,6,1,0
1440,23003,23,0,6,1,0
1441,20627,44,0,6,1,0
1442,20553,27,0,6,1,0
1443,23009,49,0,6,1,0
1444,20629,75,1,6,1,0
1445,20966,26,0,6,1,0
1446,9990557,38,0,2,1,0
1447,20961,17,0,6,1,0
1448,20876,38,0,6,1,0
1449,20739,20,0,6,1,0
1450,20740,16,0,6,1,0
1451,20877,37,0,6,1,0
1452,23007,17,0,6,1,0
1453,23008,44,1,6,1,0
1454,20958,23,0,6,2,1
1455,20557,100,1,6,12,0
1456,20554,26,0,6,1,0
1457,20872,56,0,6,1,0
1458,20561,40,0,6,1,0
1459,20967,21,0,6,1,0
1460,20868,62,0,6,1,0
1461,20555,21,0,6,1,0
1462,23004,18,0,6,1,0
1463,23014,23,0,6,1,0
1464,20558,23,0,6,1,0
1465,20559,35,0,6,2,1
1466,20968,27,0,6,1,0
1467,20975,42,0,6,12,1
1468,20633,22,0,6,1,0
1469,21550,40,0,6,1,0
1470,20973,35,1,6,1,0
1471,20974,18,0,6,1,0
1472,20972,24,0,6,1,0
1473,20971,26,0,6,1,0
1474,20882,32,0,5,1,0
1475,20969,27,0,6,1,0
1476,16100,40,0,6,1,0
1477,23654,59,0,6,1,1
1478,20562,33,0,6,9,1
1479,23019,20,0,6,2,0
1480,20742,23,0,6,1,0
1481,20890,20,0,6,10,0
1482,20970,18,0,6,1,0
1483,20862,15,0,6,1,0
1484,20859,15,0,6,1,0
1485,23652,65,0,6,13,1
1486,23018,43,0,6,1,0
1487,20891,22,0,6,1,0
1488,20892,30,0,6,1,0
1489,23651,18,0,6,1,0
1490,20880,46,0,6,1,0
1491,20563,31,0,6,1,0
1492,20560,25,0,6,1,0
1493,20635,22,0,6,1,0
1494,20741,22,0,6,1,0
1495,20634,19,0,6,1,0
1496,23481,40,0,6,1,0
1497,23653,22,0,6,1,0
1498,20556,53,0,6,1,0
1499,20865,25,0,6,1,0
1500,23024,17,0,6,1,0
1501,20894,36,0,6,1,0
1502,21745,25,0,2,9,0
1503,21737,0,1,2,4,0
1504,21739,47,0,2,1,0
1505,20532,34,1,3,1,0
1506,23253,24,0,1,1,1
1507,23252,15,0,1,9,1
1508,20320,22,0,1,1,1
1509,20319,36,0,1,1,1
1510,20314,52,0,1,9,1
1511,23526,15,1,2,1,1
1512,23527,43,0,2,1,1
1513,23530,45,0,2,1,1
1514,23532,23,0,2,1,1
1515,23534,21,0,2,1,1
1516,23535,22,0,2,1,1
1517,23482,100,1,6,1,0
1518,20317,33,0,1,1,1
1519,20325,28,0,1,9,1
1520,23251,38,0,1,1,1
1521,20321,19,0,1,13,1
1522,20318,55,0,1,9,1
1523,20315,47,1,1,9,1
1524,20316,18,0,1,9,1
1525,23528,30,0,2,9,1
1526,23529,40,0,2,1,1
1527,23533,19,0,2,1,1
1528,14169,18,0,2,1,1
1529,14168,19,0,2,1,1
1530,23536,45,1,2,13,1
1531,23537,0,1,2,12,1
1532,20323,23,0,1,1,1
1533,23541,21,0,2,13,1
1534,20324,22,0,1,1,1
1535,23542,19,0,2,1,1
1536,23546,40,1,2,1,1
1537,23254,19,0,1,1,1
1538,23538,26,0,2,1,1
1539,23539,43,0,2,2,1
1540,23540,26,0,2,1,1
1541,20322,50,0,1,1,1
1542,23543,20,0,2,1,1
1543,23544,43,0,2,1,1
1544,23545,45,0,2,9,1
1545,23255,14,0,1,1,1
1546,23547,39,0,2,9,1
1547,20808,87,0,3,9,1
1548,20811,35,0,3,6,1
1549,20806,23,0,3,1,1
1550,20549,56,0,3,1,1
1551,20802,57,0,3,1,1
1552,20809,37,0,3,9,1
1553,20810,21,0,3,1,1
1554,23548,22,0,2,1,1
1555,23549,45,0,2,1,1
1556,20807,43,0,3,1,1
1557,20804,29,0,3,1,1
1558,20805,30,0,3,1,1
1559,20548,17,0,3,9,1
1560,20550,37,0,3,1,1
1561,20801,13,1,3,1,1
1562,20803,34,0,3,1,1
1563,20679,22,0,5,1,1
1564,23105,18,0,5,1,1
1565,20678,27,1,5,9,1
1566,20681,39,0,5,1,1
1567,20218,18,0,5,1,1
1568,20219,21,0,5,1,1
1569,21415,42,0,5,1,1
1570,20684,21,0,5,1,1
1571,21416,18,0,5,1,1
1572,21417,23,0,5,1,1
1573,20249,17,0,5,1,1
1574,23107,40,0,5,1,1
1575,20680,38,0,5,1,1
1576,20250,47,1,5,9,1
1577,23106,37,0,5,9,1
1578,20220,22,0,5,1,1
1579,20683,23,1,5,9,1
1580,20682,71,1,5,13,1
1581,23109,39,0,5,1,1
1582,20685,25,0,5,1,1
1583,20686,27,0,5,1,1
1584,21418,38,0,5,1,1
1585,23111,16,0,5,9,1
1586,20221,40,0,5,1,1
1587,23121,45,0,5,1,1
1588,23123,17,0,5,2,1
1589,20223,37,0,5,1,1
1590,23116,36,0,5,1,1
1591,20224,39,0,5,1,1
1592,23124,27,0,5,9,1
1593,23114,20,0,5,1,1
1594,23113,37,0,5,1,1
1595,23112,17,0,5,9,1
1596,23110,26,0,5,9,1
1597,20222,100,0,5,1,1
1598,21421,36,0,5,1,1
1599,21420,23,0,5,1,1
1600,23115,39,0,5,1,1
1601,23125,27,0,5,1,1
1602,20225,38,0,5,1,1
1603,20691,41,0,5,9,1
1604,20692,69,0,5,1,1
1605,21422,40,0,5,13,1
1606,23804,41,0,5,1,1
1607,20690,32,0,5,9,1
1608,21423,38,0,5,1,1
1609,23805,16,0,5,1,1
1610,23806,24,0,5,1,1
1611,23801,21,0,5,9,1
1612,21425,33,1,5,13,1
1613,20694,48,0,5,1,1
1614,23807,20,0,5,1,1
1615,23808,24,0,5,1,1
1616,23809,24,0,5,1,1
1617,21424,62,0,5,9,1
1618,20693,20,0,5,1,1
1619,19683,18,1,9,1,1
1620,19682,26,0,9,1,1
1621,19675,37,0,9,1,1
1622,18905,23,0,9,1,1
1623,18862,34,0,9,8,1
1624,18861,53,1,9,9,1
1625,18886,25,0,9,1,1
1626,19686,43,0,9,9,1
1627,19655,30,0,9,1,1
1628,23420,23,0,7,1,1
1629,23419,22,0,7,1,1
1630,23422,18,0,7,1,1
1631,23423,28,0,7,1,1
1632,23367,19,0,8,1,1
1633,23368,36,0,8,1,1
1634,23370,24,0,8,10,0
1635,23369,28,0,8,1,1
1636,23374,46,0,8,1,0
1637,23371,30,0,8,13,1
1638,23375,24,0,8,14,1
1639,23376,55,0,8,1,0
1640,23380,14,0,8,1,1
1641,23372,17,0,8,9,1
1642,23378,47,0,8,1,1
1643,23379,19,0,8,1,1
1644,23421,26,0,8,1,1
1645,23373,24,0,8,9,1
1646,23381,17,0,8,13,1
1647,23453,20,0,10,1,1
1648,23417,41,0,10,1,1
1649,23456,31,0,10,1,1
1650,23418,41,0,10,1,1
1651,23452,34,0,10,2,1
1652,23416,34,0,7,13,1
1653,21861,20,0,11,1,1
1654,21854,65,0,11,10,1
1655,21858,25,0,11,1,0
1656,21859,21,0,11,1,1
1657,21853,35,0,11,1,1
1658,23301,33,0,14,13,1
1659,20791,63,0,12,1,1
1660,20792,34,0,12,1,1
1661,20793,17,0,12,1,1
1662,23192,20,0,12,1,1
1663,23201,49,0,11,9,1
1664,23203,46,0,12,1,1
1665,20039,24,0,13,1,1
1666,21862,51,0,11,9,1
1667,21863,19,0,11,1,1
1668,21860,51,0,11,1,1
1669,21857,21,0,11,1,0
1670,21855,18,0,11,1,1
1671,20790,30,0,12,1,1
1672,19738,35,0,14,9,1
1673,20765,21,0,12,1,1
1674,19737,42,0,14,1,1
1675,20038,73,0,13,13,1
1676,23191,19,0,12,13,1
1677,19748,18,0,14,13,1
1678,23198,100,0,12,9,1
1679,23209,37,0,12,1,1
1680,23208,32,0,12,1,1
1681,23206,27,0,12,1,1
1682,23193,41,0,12,1,1
1683,20786,20,0,12,13,1
1684,20766,41,1,12,1,1
1685,23176,20,0,12,1,1
1686,20787,27,0,12,1,1
1687,23214,40,1,12,1,1
1688,23205,40,0,12,1,1
1689,23302,17,1,14,1,1
1690,23222,18,0,12,9,1
1691,23223,20,0,12,9,1
1692,23303,36,0,14,9,1
1693,23304,32,0,14,12,1
1694,23308,53,0,14,1,1
1695,23309,51,0,14,1,1
1696,23213,48,1,12,1,1
1697,24001,28,0,12,1,1
1698,24003,28,0,12,1,1
1699,23313,33,0,14,1,1
1700,23211,32,0,12,9,1
1701,23204,14,0,12,1,1
1702,23210,28,0,12,1,1
1703,20040,30,0,13,1,1
1704,19732,39,0,14,1,1
1705,19750,71,0,14,1,1
1706,23212,21,0,12,1,1
1707,23219,31,0,12,1,1
1708,23177,20,0,12,9,1
1709,23216,20,1,12,9,1
1710,23215,15,1,12,9,1
1711,23218,34,0,12,13,1
1712,23217,23,0,12,1,1
1713,23224,19,0,12,1,1
1714,24006,57,0,12,1,1
1715,23133,32,0,4,1,0
1716,23134,34,0,4,1,0
1717,23132,22,0,4,1,0
1718,23628,20,0,6,1,0
1719,20638,35,0,6,1,0
1720,20565,25,0,6,9,0
1721,20564,30,1,6,1,0
1722,20637,20,0,6,1,0
1723,20636,33,0,6,1,0
1724,20746,39,0,6,1,0
1725,20887,55,1,6,1,0
1726,23130,25,0,4,1,0
1727,23131,35,0,4,1,0
1728,23137,17,0,4,1,0
1729,23136,22,0,4,1,0
1730,20884,48,0,6,1,0
1731,20853,39,0,6,1,0
1732,20566,17,0,6,1,0
1733,23656,23,0,6,1,0
1734,20885,22,0,6,10,0
1735,23655,22,0,6,1,0
1736,20895,21,0,10,1,0
1737,20640,20,0,6,1,0
1738,23026,61,0,6,1,0
1739,20898,23,0,6,1,0
1740,20886,40,0,6,1,0
1741,20893,35,0,6,1,0
1742,20866,58,0,6,1,0
1743,21551,17,0,6,1,0
1744,20889,42,1,6,1,0
1745,20642,18,0,6,1,0
1746,21555,43,0,6,1,0
1747,20644,29,0,6,1,0
1748,23660,33,0,6,1,0
1749,20641,35,0,6,9,0
1750,23659,37,1,6,1,0
1751,23658,14,0,6,1,0
1752,23015,50,1,6,2,0
1753,20567,30,0,6,1,0
1754,20747,36,1,6,9,0
1755,21553,45,0,6,2,0
1756,21552,25,0,6,9,0
1757,20896,26,0,6,1,0
1758,20897,15,0,6,1,0
1759,20569,18,0,6,9,0
1760,20570,18,0,6,10,0
1761,20571,35,0,6,8,0
1762,23662,22,0,6,1,0
1763,23016,23,0,6,1,0
1764,23017,21,0,6,1,0
1765,23663,19,0,6,1,0
1766,21561,15,0,6,1,0
1767,20572,24,0,6,1,0
1768,21554,26,0,6,1,0
1769,20888,24,0,6,1,0
1770,23627,27,0,6,1,0
1771,21565,58,1,6,2,0
1772,20153,40,0,6,1,0
1773,23626,28,0,6,1,0
1774,20899,20,0,6,9,0
1775,15285,32,0,6,1,0
1776,23010,25,0,6,1,0
1777,20646,22,0,6,1,0
1778,20643,21,0,6,1,0
1779,20573,35,0,6,1,0
1780,21556,30,0,6,1,0
1781,20874,21,0,6,1,0
1782,23661,42,0,6,1,0
1783,20568,25,0,6,1,0
1784,21564,26,0,6,1,0
1785,20900,44,0,6,1,0
1786,23666,26,0,6,1,0
1787,23665,21,0,6,1,0
1788,23664,20,0,6,1,0
1789,20574,39,1,6,9,0
1790,20734,28,1,6,10,0
1791,23667,42,0,6,1,0
1792,20873,21,0,6,1,0
1793,23668,27,1,6,1,0
1794,20575,25,0,6,1,0
1795,20645,38,0,6,1,0
1796,20647,19,0,6,1,0
1797,20687,20,1,5,9,0
1798,20688,20,1,5,2,0
1799,20689,28,1,5,2,0
1800,21419,28,0,5,1,0
1801,23501,23,0,2,1,1
1802,23256,19,0,1,9,1
1803,23504,43,0,2,1,1
1804,23505,24,0,2,1,1
1805,23506,23,0,2,1,1
1806,23507,56,0,2,13,1
1807,23509,32,0,2,1,1
1808,23510,38,0,2,1,1
1809,23028,22,0,6,1,0
1810,20002,20,1,6,10,0
1811,20001,23,1,6,10,0
1812,23478,39,0,6,1,0
1813,20639,48,0,6,1,0
1814,19656,35,0,9,12,0
1815,19657,28,1,9,12,0
1816,23377,31,0,8,1,0
1817,21856,19,1,11,1,0
1818,20003,32,0,6,13,0
1819,23550,18,0,2,1,1
1820,23502,28,1,2,12,1
1821,23503,19,0,2,1,1
1822,19212,44,0,2,1,1
1823,9990565,30,0,2,1,1
1824,23262,40,0,1,1,1
1825,23508,29,1,2,8,1
1826,23511,20,0,2,14,1
1827,23512,35,0,2,3,1
1828,23513,21,0,2,1,1
1829,23518,44,0,2,1,1
1830,23520,21,0,1,1,1
1831,23519,18,0,2,12,1
1832,23258,42,0,1,2,1
1833,23259,22,0,1,1,1
1834,23260,33,0,1,1,1
1835,23261,36,0,1,1,1
1836,23266,34,0,1,9,1
1837,20812,18,0,3,1,1
1838,20817,28,0,3,13,1
1839,20818,31,0,3,13,1
1840,20819,29,0,3,9,1
1841,23515,35,0,2,1,1
1842,23514,24,1,2,1,1
1843,23516,31,0,2,1,1
1844,23517,24,0,2,1,1
1845,23257,24,0,1,9,1
1846,23263,18,0,1,1,1
1847,23264,27,0,1,1,1
1848,23265,31,0,1,1,1
1849,20813,19,0,3,9,1
1850,20814,48,0,3,1,1
1851,20815,33,0,3,13,1
1852,20816,24,0,3,1,1
1853,20820,34,0,3,9,1
1854,20822,33,0,3,1,1
1855,20821,49,0,3,9,1
1856,20823,16,0,3,1,1
1857,20824,32,0,3,1,1
1858,20828,25,0,3,9,1
1859,20829,35,0,3,9,1
1860,20901,22,0,5,1,0
1861,23952,18,0,5,1,0
1862,20902,66,1,5,1,0
1863,20695,41,1,5,1,0
1864,20825,29,0,3,1,1
1865,20826,17,0,3,1,1
1866,20827,28,0,3,1,1
1867,23810,39,1,5,1,0
1868,23811,32,1,5,1,0
1869,20699,20,1,5,1,0
1870,20905,35,0,5,13,0
1871,20906,74,0,5,1,0
1872,20700,58,0,5,1,0
1873,20903,31,0,5,1,0
1874,21376,30,0,5,9,0
1875,21377,50,0,5,1,0
1876,20907,32,0,5,1,0
1877,23118,18,0,5,2,0
1878,23120,18,0,5,1,0
1879,21379,30,0,5,1,0
1880,23812,17,0,5,9,0
1881,23814,21,0,5,1,0
1882,23815,27,0,5,1,0
1883,21382,27,0,5,1,0
1884,20186,43,0,5,1,0
1885,23816,46,0,5,1,0
1886,23817,30,0,5,1,0
1887,21385,42,0,5,1,0
1888,20911,37,0,5,1,0
1889,20189,28,0,5,1,0
1890,21388,56,0,5,1,0
1891,21383,26,0,5,1,0
1892,21384,34,0,5,1,0
1893,24076,37,1,5,9,0
1894,23117,32,0,5,1,0
1895,20182,51,0,5,1,0
1896,20904,30,0,5,1,0
1897,20184,24,0,5,1,0
1898,21380,26,0,5,1,0
1899,20909,22,0,5,1,0
1900,20908,57,0,5,1,0
1901,21378,45,0,5,1,0
1902,20185,30,0,5,1,0
1903,21381,27,0,5,1,0
1904,20910,37,0,5,9,0
1905,20187,23,0,5,1,0
1906,20913,19,0,5,1,0
1907,21386,25,0,5,1,0
1908,20914,18,0,5,1,0
1909,20912,28,0,5,1,0
1910,20188,28,0,5,1,0
1911,23813,21,0,5,1,0
1912,5634,37,0,5,1,0
1913,21387,34,0,5,1,0
1914,23139,52,0,4,1,0
1915,18906,35,0,9,9,1
1916,19687,20,0,9,1,1
1917,18902,44,0,9,1,1
1918,23140,31,0,4,1,0
1919,23138,32,1,4,1,0
1920,18863,27,0,9,9,1
1921,19688,41,0,9,1,1
1922,23424,27,0,7,1,1
1923,23426,16,0,7,1,1
1924,23425,34,0,7,1,1
1925,23430,21,0,7,1,1
1926,23429,30,0,7,9,1
1927,23433,19,0,7,1,1
1928,23434,32,0,7,1,1
1929,23432,18,0,7,1,1
1930,23431,48,1,7,1,1
1931,23437,25,1,7,8,1
1932,23438,21,0,7,8,1
1933,23439,24,0,7,1,1
1934,23382,23,0,8,1,1
1935,23384,25,0,8,1,1
1936,23385,23,0,8,1,1
1937,23427,26,0,7,1,1
1938,23428,18,0,7,1,1
1939,23435,20,0,7,1,1
1940,23436,22,0,7,1,1
1941,23440,23,0,7,1,1
1942,23383,24,0,8,1,1
1943,23392,22,0,8,1,1
1944,23394,44,0,8,1,1
1945,23387,23,0,8,1,1
1946,23388,29,0,8,1,1
1947,23391,40,0,8,1,1
1948,23393,22,0,8,1,1
1949,23395,27,0,8,1,1
1950,24152,36,0,8,1,1
1951,23398,36,0,8,1,0
1952,23390,54,1,8,1,0
1953,24154,56,1,8,1,0
1954,23399,43,0,8,1,1
1955,23463,64,0,10,1,1
1956,23466,29,0,10,1,1
1957,21864,23,0,11,1,1
1958,21867,59,0,11,14,1
1959,21868,23,0,12,1,1
1960,21872,27,0,11,13,1
1961,23396,55,0,8,1,1
1962,23397,58,0,8,1,1
1963,24151,25,1,8,1,1
1964,24155,23,0,8,9,1
1965,24158,21,0,8,1,1
1966,24157,25,0,8,1,1
1967,24161,22,0,8,13,1
1968,24156,34,0,8,9,0
1969,23400,35,0,8,1,0
1970,23458,68,1,10,12,1
1971,21865,45,1,11,1,1
1972,21866,20,1,11,1,1
1973,21871,25,0,11,9,1
1974,21870,19,0,11,12,1
1975,21869,30,0,11,1,1
1976,21873,60,0,11,1,0
1977,21874,16,1,11,13,0
1978,21875,25,0,11,1,0
1979,20052,65,1,13,1,1
1980,24007,20,0,12,1,1
1981,23315,61,0,14,1,1
1982,23220,71,0,12,1,1
1983,23221,44,0,12,1,1
1984,24017,27,0,12,1,1
1985,24018,31,0,12,1,1
1986,23310,36,0,14,1,1
1987,20041,25,0,13,2,1
1988,20051,30,0,13,1,1
1989,20053,32,1,13,1,1
1990,20054,75,0,13,1,1
1991,24011,23,0,12,1,1
1992,24010,44,0,11,13,1
1993,24012,25,0,12,1,1
1994,20055,31,0,13,9,1
1995,20056,38,0,13,1,1
1996,24004,33,0,12,9,1
1997,24009,25,0,12,1,1
1998,23202,26,0,12,1,1
1999,23312,33,0,14,1,1
2000,20788,20,0,12,1,1
2001,20044,45,0,13,9,1
2002,20789,42,1,12,1,1
2003,20045,43,0,13,1,1
2004,24023,16,0,12,1,1
2005,24022,14,0,12,1,1
2006,19734,30,0,14,1,1
2007,20046,23,0,13,1,1
2008,24102,32,0,12,9,1
2009,20648,35,0,6,1,0
2010,23020,30,0,6,2,0
2011,20649,20,0,6,1,0
2012,20005,45,0,6,1,0
2013,21560,39,0,6,1,0
2014,20007,46,0,6,1,0
2015,23479,50,0,6,1,0
2016,23480,32,0,6,1,0
2017,23601,59,0,6,13,0
2018,24005,18,0,12,1,1
2019,24020,16,0,12,1,1
2020,24025,52,0,12,1,1
2021,24019,33,0,12,13,1
2022,24101,46,0,12,1,1
2023,23602,37,0,6,1,0
2024,23629,30,1,6,9,0
2025,23669,39,0,6,2,0
2026,20004,39,0,6,2,0
2027,20006,22,0,6,1,0
2028,23477,31,0,6,1,0
2029,23640,29,0,6,1,0
2030,20650,29,0,6,1,0
2031,23672,14,0,6,2,0
2032,23671,25,0,6,2,0
2033,23604,16,0,6,9,0
2034,23673,22,0,6,1,0
2035,21569,25,0,6,1,0
2036,23605,23,0,6,1,0
2037,20709,14,0,6,1,0
2038,20708,30,0,6,1,0
2039,23674,18,0,6,1,0
2040,24077,22,0,6,1,0
2041,20711,23,0,6,1,0
2042,20010,74,0,6,1,0
2043,20012,20,0,6,2,0
2044,20009,23,0,6,1,0
2045,23636,27,0,6,1,0
2046,20011,21,0,6,1,0
2047,23683,17,0,6,1,0
2048,20008,100,0,6,1,0
2049,23603,37,0,6,1,0
2050,23670,37,0,6,1,0
2051,20707,23,0,6,1,0
2052,23630,49,0,6,1,0
2053,23675,24,0,6,1,0
2054,21567,21,0,6,1,0
2055,23684,24,0,6,1,0
2056,23638,28,0,6,1,0
2057,24082,23,0,6,1,0
2058,23681,20,0,6,1,0
2059,23678,20,0,6,1,0
2060,23635,27,0,6,10,0
2061,23634,32,0,6,10,0
2062,20710,30,0,6,10,0
2063,24078,83,0,6,13,0
2064,23693,50,0,6,13,0
2065,23690,20,0,6,2,0
2066,23029,20,1,6,9,0
2067,23033,19,1,6,9,0
2068,20014,35,0,6,1,0
2069,23484,20,0,6,1,0
2070,20015,29,0,6,1,0
2071,23682,25,0,6,13,0
2072,23687,48,0,6,1,0
2073,23680,19,1,6,1,0
2074,23679,37,0,6,1,0
2075,23688,21,0,6,1,0
2076,23677,36,0,6,1,0
2077,23685,16,0,6,1,0
2078,23637,50,0,6,13,0
2079,23011,13,0,6,10,0
2080,23689,23,0,6,1,0
2081,23691,52,1,6,1,0
2082,23692,32,1,6,1,0
2083,23483,47,0,6,1,0
2084,20013,41,0,6,1,0
2085,23676,34,0,6,1,0
2086,23686,22,0,6,12,0
2087,23694,22,0,6,1,0
2088,23485,45,0,6,13,0
2089,24081,15,1,6,1,0
2090,19188,57,0,6,1,0
2091,23267,26,0,1,1,0
2092,20696,100,0,5,12,0
2093,20697,100,0,5,1,0
2094,20698,100,1,5,12,0
2095,24160,100,1,8,9,0
2096,24159,100,1,8,9,0
2097,23522,48,0,2,13,1
2098,21902,16,0,2,1,1
2099,21903,41,0,2,1,1
2100,21906,23,1,2,1,1
2101,21910,25,0,2,6,1
2102,21911,17,0,2,1,1
2103,21912,15,0,2,1,1
2104,21913,39,0,2,6,1
2105,21914,16,0,2,1,1
2106,21915,43,0,2,13,1
2107,21916,18,0,2,1,1
2108,23275,58,0,1,1,1
2109,21919,20,0,2,1,1
2110,23279,48,0,1,1,1
2111,24153,28,0,8,1,0
2112,21568,30,0,8,1,0
2113,23386,42,1,8,1,0
2114,23389,40,0,8,1,0
2115,23521,43,0,2,1,0
2116,23523,17,0,2,1,1
2117,23525,19,0,2,1,1
2118,23524,17,0,2,1,1
2119,21901,45,0,2,1,1
2120,21904,19,0,2,1,1
2121,21905,38,0,2,1,1
2122,21907,25,0,2,1,1
2123,21908,35,0,2,1,1
2124,21909,16,0,2,1,1
2125,21917,42,0,2,1,1
2126,21918,23,0,2,1,1
2127,23269,23,0,1,1,1
2128,23270,20,0,1,1,1
2129,23271,22,0,1,1,1
2130,23276,16,0,1,9,1
2131,23277,80,0,1,9,1
2132,20843,20,0,3,1,1
2133,20842,25,0,3,9,1
2134,20841,16,0,3,13,1
2135,20836,22,0,3,9,1
2136,20835,24,1,3,1,1
2137,20095,39,0,3,1,1
2138,23268,20,0,1,1,1
2139,20831,39,1,1,1,1
2140,23272,19,0,1,1,1
2141,23274,43,0,1,1,1
2142,23273,23,0,1,1,1
2143,20846,47,0,3,1,1
2144,20845,27,0,3,13,1
2145,20844,33,1,3,1,1
2146,20840,28,0,3,13,1
2147,20839,34,0,3,1,1
2148,20838,32,0,3,1,1
2149,20837,17,1,3,1,1
2150,20834,15,0,3,1,1
2151,20833,21,0,3,1,1
2152,20832,50,0,3,1,1
2153,9990561,44,0,3,2,1
2154,20830,35,0,3,13,1
2155,23143,37,0,4,1,0
2156,23142,31,0,4,1,0
2157,23818,43,0,5,1,0
2158,23819,42,0,5,1,0
2159,21390,50,1,5,1,0
2160,20190,17,0,5,1,0
2161,20916,30,0,5,1,0
2162,20191,30,0,5,13,0
2163,23823,20,0,5,1,0
2164,20918,34,0,5,1,0
2165,20917,24,0,5,1,1
2166,24251,26,0,5,1,0
2167,21392,59,0,5,1,0
2168,20194,35,0,5,1,0
2169,20921,28,0,5,1,0
2170,23144,49,0,4,1,0
2171,23141,43,0,4,1,0
2172,21389,15,0,5,1,0
2173,23821,22,0,5,1,0
2174,23822,49,0,5,1,0
2175,23820,67,0,5,1,0
2176,20915,32,0,5,13,1
2177,23824,16,0,5,1,0
2178,21391,25,0,5,2,1
2179,20192,43,0,5,1,0
2180,20193,30,1,5,1,0
2181,21393,25,0,5,1,0
2182,20196,24,0,5,1,0
2183,23825,40,0,5,1,0
2184,20195,34,0,5,1,1
2185,21394,17,0,5,1,0
2186,20919,32,0,5,9,1
2187,20197,32,0,5,1,0
2188,21397,22,0,5,1,0
2189,21396,24,0,5,1,0
2190,20920,21,0,5,1,0
2191,21395,23,0,5,1,0
2192,24252,45,1,5,8,0
2193,23696,45,0,6,1,0
2194,23443,20,0,7,1,0
2195,24083,36,0,6,1,0
2196,24089,35,0,6,1,0
2197,23698,26,0,6,1,0
2198,20017,41,0,6,2,1
2199,23697,90,0,6,13,1
2200,20714,35,0,6,1,0
2201,24093,28,0,7,1,0
2202,23606,25,1,6,1,0
2203,24079,25,0,6,1,0
2204,24080,42,0,7,1,0
2205,24088,28,0,6,1,0
2206,24084,49,0,6,1,0
2207,23695,19,0,6,1,0
2208,20715,16,0,6,1,0
2209,20016,38,0,6,1,1
2210,23700,44,0,6,1,0
2211,23699,20,0,6,1,0
2212,23607,47,1,6,1,0
2213,20018,17,0,6,10,1
2214,24085,27,0,6,1,0
2215,24202,34,1,6,1,0
2216,20019,23,0,6,1,0
2217,23486,22,0,6,1,0
2218,23012,41,0,6,1,0
2219,23632,35,0,6,1,0
2220,20022,18,1,6,1,0
2221,20021,18,1,6,1,0
2222,23488,24,0,6,1,0
2223,24086,37,0,6,1,0
2224,19190,23,0,6,1,0
2225,23025,15,0,6,1,1
2226,20020,38,0,6,1,0
2227,24208,40,0,6,1,0
2228,24213,21,1,6,2,0
2229,20712,40,0,6,1,0
2230,24201,39,0,6,1,0
2231,19189,36,0,6,1,1
2232,20716,35,0,6,1,0
2233,24205,30,1,6,1,0
2234,24204,44,0,6,1,0
2235,24206,18,0,6,13,0
2236,24203,57,0,6,10,1
2237,24210,17,0,6,1,0
2238,23608,21,0,6,1,1
2239,24209,61,1,6,1,0
2240,21571,56,0,6,1,0
2241,12439,29,0,6,1,0
2242,24207,47,0,6,1,0
2243,23610,27,0,6,1,0
2244,23021,24,0,6,1,0
2245,23487,23,0,6,1,0
2246,23489,20,0,6,1,0
2247,24212,19,0,6,1,0
2248,24214,44,0,6,1,0
2249,20025,28,0,6,1,1
2250,20023,26,0,6,1,0
2251,23442,42,0,7,1,1
2252,23441,29,0,7,1,1
2253,23468,33,0,10,1,1
2254,23464,26,0,10,1,1
2255,9990562,20,0,10,1,0
2256,9990560,11,0,10,2,1
2257,9990559,48,1,10,2,1
2258,23470,51,0,10,1,1
2259,24162,16,0,8,1,0
2260,24168,73,0,8,1,0
2261,24171,17,0,8,1,0
2262,24167,23,0,8,1,1
2263,20096,43,0,7,1,1
2264,24211,27,0,6,1,0
2265,23609,40,0,6,10,0
2266,24215,31,0,6,1,1
2267,23465,39,1,10,1,1
2268,19690,27,0,9,1,1
2269,23467,37,0,10,1,1
2270,23469,25,0,10,1,1
2271,19660,30,0,9,1,1
2272,19659,33,0,9,1,1
2273,23471,16,0,10,1,1
2274,16499,30,0,7,1,1
2275,23473,40,0,10,1,1
2276,14170,45,0,7,1,1
2277,23472,18,0,10,1,1
2278,23445,20,0,7,1,1
2279,23446,25,0,7,1,1
2280,23447,25,0,7,1,1
2281,24169,21,0,8,1,1
2282,24164,26,0,8,1,1
2283,19692,33,0,9,1,1
2284,23474,49,1,10,13,1
2285,19661,40,0,9,1,1
2286,19662,30,0,9,1,1
2287,23475,40,0,10,9,1
2288,19626,60,0,9,1,1
2289,24456,22,0,8,9,1
2290,24455,17,0,8,9,1
2291,24451,33,0,8,1,1
2292,18907,56,0,9,1,1
2293,24166,15,0,8,1,0
2294,24170,31,1,8,1,0
2295,24165,24,0,8,2,1
2296,24172,22,0,8,1,1
2297,24173,23,0,8,1,1
2298,23448,47,0,7,1,1
2299,24452,33,0,8,1,1
2300,23450,50,0,7,1,1
2301,23449,53,0,7,1,1
2302,23976,22,0,7,1,1
2303,24453,34,0,8,1,1
2304,24454,42,0,8,1,1
2305,23055,24,0,11,9,1
2306,23058,17,0,11,1,1
2307,23062,33,0,11,1,1
2308,23063,35,0,11,1,1
2309,23066,51,1,11,1,1
2310,23068,29,0,11,1,1
2311,23051,30,1,11,9,1
2312,23052,37,0,11,9,1
2313,23053,35,0,11,1,1
2314,23060,21,0,11,1,1
2315,23059,37,0,11,1,1
2316,23067,46,0,11,1,1
2317,23057,40,1,11,1,1
2318,23056,35,0,11,1,0
2319,23064,53,0,11,1,1
2320,23069,21,0,11,1,1
2321,23070,23,0,11,1,1
2322,23072,33,0,11,1,1
2323,24106,19,1,12,1,1
2324,24104,51,0,12,1,1
2325,24105,36,1,12,1,1
2326,23317,44,0,14,1,1
2327,23316,49,0,14,1,1
2328,20057,67,0,13,9,1
2329,20042,31,0,13,1,1
2330,24122,55,0,12,1,1
2331,24123,27,0,12,1,1
2332,24124,42,0,12,1,1
2333,23327,47,0,14,1,1
2334,20059,16,0,13,5,1
2335,24008,100,1,12,12,1
2336,23328,19,0,14,1,1
2337,24127,100,1,12,12,1
2338,23333,17,0,14,1,1
2339,24137,50,0,12,9,1
2340,24134,25,0,12,1,1
2341,24136,30,0,12,1,1
2342,24133,22,0,12,1,1
2343,24139,23,0,12,1,1
2344,24138,19,0,12,9,1
2345,23335,48,0,14,1,1
2346,23073,20,1,11,9,1
2347,24013,37,0,12,1,1
2348,24108,22,0,12,9,1
2349,24014,46,0,12,1,1
2350,23186,22,0,12,4,1
2351,23225,32,0,12,1,1
2352,20043,46,0,13,1,1
2353,19308,37,0,14,13,1
2354,20058,19,0,13,1,1
2355,24107,34,0,12,1,1
2356,23187,25,0,12,9,1
2357,24111,23,0,12,9,1
2358,23326,56,1,14,1,1
2359,24132,27,0,12,1,1
2360,24016,35,0,12,1,1
2361,24114,25,0,12,1,1
2362,24112,59,0,12,1,1
2363,24135,30,0,12,1,1
2364,23332,44,1,14,1,1
2365,23331,39,0,14,1,1
2366,24015,20,0,12,10,1
2367,24021,20,0,12,9,1
2368,23071,32,0,11,1,1
2369,23065,40,1,11,9,1
2370,20922,34,0,5,1,0
2371,20024,18,1,6,9,1
2372,24096,51,1,6,13,1
2373,21921,51,0,2,13,1
2374,21922,41,0,2,1,1
2375,21923,38,0,2,1,1
2376,23061,25,1,11,1,1
2377,23054,25,0,11,1,0
2378,23278,40,0,1,9,1
2379,19691,27,0,9,13,0
2380,23444,47,0,7,1,0
2381,21920,19,0,2,1,1
2382,21924,64,1,2,5,1
2383,21925,47,1,2,13,1
2384,9990567,46,0,1,9,1
2385,21751,54,0,2,1,1
2386,21754,21,0,2,12,1
2387,23284,27,0,1,1,1
2388,23282,23,0,1,1,1
2389,23281,24,0,1,1,1
2390,23554,30,0,3,1,1
2391,23552,49,1,3,1,1
2392,23553,19,0,3,1,1
2393,23551,23,0,3,1,1
2394,20848,15,1,3,1,1
2395,20847,17,1,3,1,1
2396,20850,30,0,3,13,1
2397,21752,19,0,2,1,1
2398,21753,17,0,2,1,1
2399,21755,37,0,2,1,1
2400,21756,29,0,2,1,1
2401,21757,33,0,2,1,1
2402,23285,38,0,1,13,1
2403,23280,38,0,1,1,1
2404,23557,23,0,3,1,1
2405,23558,22,0,3,1,1
2406,23559,16,1,3,1,1
2407,23555,25,0,3,10,1
2408,23556,48,0,3,1,1
2409,20849,40,0,3,9,1
2410,23147,45,0,4,9,1
2411,21398,38,0,5,2,1
2412,20925,38,0,5,1,1
2413,23956,27,0,5,1,1
2414,24401,21,0,5,9,1
2415,24260,23,0,5,1,1
2416,23148,39,0,4,1,1
2417,23145,18,0,4,1,1
2418,24253,65,0,5,1,1
2419,24254,16,0,5,9,1
2420,24262,26,0,5,9,1
2421,21399,22,0,5,1,1
2422,20924,28,0,5,1,1
2423,24402,38,0,5,9,1
2424,24403,29,0,5,1,1
2425,21400,27,0,5,1,1
2426,24404,38,0,5,13,1
2427,23959,26,0,5,9,1
2428,11424,42,0,5,1,1
2429,23958,22,0,5,9,1
2430,24405,30,1,5,15,1
2431,24027,30,0,5,1,1
2432,23962,32,0,5,1,1
2433,20923,37,0,5,1,1
2434,24216,34,1,6,1,1
2435,23631,33,0,8,1,1
2436,24026,38,0,5,1,1
2437,24255,36,0,5,1,1
2438,24090,27,1,6,1,1
2439,24091,22,0,6,1,1
2440,21572,19,0,6,15,1
2441,9990574,65,0,6,13,1
2442,24095,41,0,6,13,1
2443,20976,20,0,6,1,1
2444,23901,35,0,6,13,1
2445,23641,25,0,1,1,1
2446,24217,35,0,6,1,1
2447,23013,22,0,6,1,1
2448,20978,29,0,6,1,1
2449,24220,21,1,6,1,1
2450,20979,44,0,6,1,1
2451,23498,19,0,6,1,1
2452,23645,45,0,2,10,1
2453,21573,30,1,6,1,1
2454,9990568,14,1,6,13,1
2455,24219,16,0,6,1,1
2456,21562,24,0,6,1,1
2457,20982,61,0,6,1,1
2458,23643,62,0,6,1,1
2459,24304,28,0,6,1,1
2460,24087,20,0,6,1,1
2461,24221,26,0,6,1,1
2462,23611,27,0,6,9,1
2463,23490,20,0,6,1,1
2464,21566,17,0,6,1,1
2465,20717,28,0,6,1,1
2466,23644,29,0,6,1,1
2467,23499,21,0,6,2,1
2468,23642,40,0,6,1,1
2469,24218,22,0,6,1,1
2470,20981,17,1,6,1,1
2471,20984,15,0,6,1,1
2472,20985,38,0,6,1,1
2473,24303,52,0,6,1,1
2474,24222,31,0,6,1,1
2475,23614,29,1,6,1,1
2476,23491,20,0,6,9,1
2477,20718,18,0,6,1,1
2478,21574,56,0,6,1,1
2479,23613,25,0,6,2,1
2480,23639,18,0,6,1,1
2481,20988,21,0,6,1,1
2482,24226,25,0,6,1,1
2483,23615,31,0,6,9,1
2484,20719,30,0,6,9,0
2485,23633,18,0,6,1,1
2486,20980,40,1,6,1,1
2487,20720,33,0,6,1,1
2488,20989,21,0,6,1,0
2489,24225,30,0,6,1,1
2490,23646,25,1,6,13,1
2491,24224,43,1,6,1,1
2492,23612,66,0,6,1,1
2493,20990,55,0,6,1,1
2494,24227,21,0,6,1,1
2495,15306,50,0,7,1,1
2496,23647,21,0,6,1,1
2497,24097,47,0,6,1,1
2498,24461,39,0,8,1,1
2499,24458,24,0,8,1,1
2500,24457,23,0,8,1,1
2501,24463,18,0,8,1,1
2502,24601,22,0,9,1,1
2503,24465,44,0,8,1,1
2504,23977,51,0,7,1,1
2505,24468,21,0,8,1,1
2506,24466,57,0,8,1,1
2507,24098,22,0,10,1,1
2508,20987,47,0,6,1,1
2509,21575,25,0,6,1,1
2510,24305,26,1,10,1,1
2511,24459,21,0,8,1,1
2512,24460,40,0,8,13,1
2513,24464,21,0,8,1,1
2514,21351,18,0,10,1,1
2515,24469,43,0,8,1,1
2516,24602,18,0,9,1,1
2517,18887,40,0,9,9,1
2518,24467,22,0,8,1,1
2519,23978,40,1,7,1,1
2520,24470,52,0,8,9,1
2521,24471,28,0,8,1,1
2522,24174,21,0,8,1,1
2523,24175,48,1,8,1,1
2524,21352,25,0,10,1,1
2525,24472,37,0,8,1,1
2526,20097,39,1,11,1,1
2527,23080,29,0,11,1,1
2528,24473,27,0,8,1,1
2529,24462,38,0,8,1,1
2530,23074,22,0,11,1,1
2531,23076,22,0,11,1,1
2532,23079,37,0,11,1,1
2533,23081,71,0,11,1,1
2534,23077,53,0,11,9,1
2535,23082,21,0,11,1,1
2536,23083,55,0,11,1,1
2537,23075,57,0,11,1,1
2538,23078,43,0,11,1,1
2539,24141,36,0,12,1,1
2540,24146,18,0,12,1,1
2541,24142,27,0,12,1,1
2542,23314,19,0,14,1,1
2543,20061,30,0,13,1,1
2544,24103,33,0,12,1,1
2545,24145,23,0,11,1,1
2546,24829,26,0,12,1,1
2547,24832,32,0,12,1,1
2548,24109,25,0,12,13,1
2549,24148,16,0,12,1,1
2550,23329,56,0,14,9,1
2551,24326,34,1,13,1,1
2552,19722,34,0,14,9,1
2553,23084,17,0,11,1,0
2554,23085,40,0,11,1,0
2555,24128,36,0,12,13,1
2556,23338,27,0,14,1,1
2557,24147,34,0,14,8,1
2558,24125,24,0,12,1,1
2559,24826,23,0,12,1,1
2560,20060,18,0,13,1,1
2561,24828,27,0,12,1,1
2562,24827,59,0,12,1,1
2563,24110,21,0,12,1,1
2564,20047,61,0,13,1,1
2565,23330,39,0,14,1,1
2566,24835,30,0,12,9,1
2567,20048,18,0,13,1,1
2568,20977,19,1,6,1,1
2569,20983,58,0,6,1,1
2570,20986,35,0,6,1,1
2571,23283,15,0,1,1,1
2572,23288,29,0,1,1,1
2573,23287,19,0,1,1,1
2574,23295,48,0,1,9,1
2575,23294,20,0,1,1,1
2576,23292,41,0,1,1,1
2577,23291,16,0,1,1,1
2578,21758,27,1,2,13,1
2579,21760,35,0,2,1,1
2580,24223,20,0,6,2,1
2581,24306,34,0,6,1,1
2582,23297,53,0,1,1,1
2583,23298,46,0,1,1,1
2584,23293,78,0,1,13,1
2585,24626,26,0,1,13,1
2586,23299,26,0,1,1,1
2587,23300,21,1,1,1,1
2588,23296,22,0,1,1,1
2589,23290,27,0,1,9,1
2590,23289,47,0,1,1,1
2591,23286,55,1,1,9,1
2592,21759,21,0,2,1,1
2593,21761,24,0,2,1,1
2594,21762,53,0,2,1,1
2595,21763,37,0,2,1,1
2596,21926,67,0,2,10,1
2597,21766,24,0,2,1,1
2598,21767,28,0,2,10,1
2599,21768,29,0,2,1,1
2600,21769,43,0,2,1,1
2601,23572,34,1,3,9,0
2602,23560,30,1,3,1,1
2603,23561,12,0,3,1,1
2604,23565,50,0,3,1,1
2605,23566,53,1,3,1,1
2606,23575,24,0,3,1,0
2607,23571,21,0,3,2,1
2608,23574,32,1,3,2,1
2609,21764,40,0,2,1,1
2610,21765,46,0,2,9,1
2611,21770,24,0,2,1,1
2612,21771,79,0,2,1,1
2613,23573,17,0,3,9,1
2614,23564,35,0,3,1,1
2615,23563,17,0,3,1,1
2616,23562,22,0,3,1,1
2617,23568,20,0,3,1,1
2618,23569,25,0,3,1,1
2619,23570,28,0,3,1,1
2620,23567,65,0,3,1,1
2621,23149,31,1,4,1,1
2622,23150,28,0,4,1,1
2623,23152,23,1,4,1,1
2624,23146,25,0,4,1,1
2625,23151,17,1,4,1,1
2626,24406,19,0,5,1,1
2627,24407,18,1,5,13,0
2628,24028,41,0,5,1,1
2629,23965,18,0,5,1,1
2630,24408,29,0,5,1,1
2631,24032,19,0,5,9,1
2632,24033,20,0,5,9,1
2633,24410,20,0,5,1,1
2634,24034,39,0,5,1,1
2635,24411,34,0,5,1,0
2636,18410,48,0,5,1,0
2637,24264,26,0,5,1,1
2638,24035,37,0,5,13,1
2639,24036,18,0,5,1,1
2640,20991,35,0,6,1,1
2641,24476,50,0,8,1,1
2642,23983,58,0,7,1,1
2643,24475,24,0,8,1,1
2644,18865,23,0,9,1,1
2645,19696,23,0,9,1,1
2646,23979,54,1,7,1,1
2647,24256,52,0,5,1,0
2648,23963,63,0,5,1,1
2649,24029,38,0,5,1,0
2650,23964,30,1,5,1,0
2651,24030,25,0,5,1,1
2652,24257,35,0,5,9,1
2653,24031,68,0,5,1,1
2654,24409,23,0,5,2,1
2655,24259,42,0,5,2,1
2656,24265,28,0,5,1,1
2657,24261,40,0,5,9,1
2658,24266,60,0,5,10,0
2659,24416,25,0,5,1,1
2660,24926,17,0,5,1,1
2661,24927,27,0,5,1,1
2662,18864,27,1,9,1,1
2663,23982,38,0,7,1,1
2664,23981,26,1,7,9,1
2665,19663,18,0,9,1,1
2666,21353,25,0,10,1,1
2667,23980,35,1,7,9,1
2668,24480,19,1,8,1,1
2669,23984,22,0,7,1,1
2670,23986,23,0,7,1,1
2671,18888,26,0,9,1,1
2672,21354,33,0,10,1,1
2673,24481,36,1,8,1,1
2674,23988,39,0,7,1,1
2675,21355,28,0,10,1,1
2676,21356,44,0,10,12,1
2677,18412,26,0,9,1,1
2678,24492,20,0,8,1,1
2679,19664,36,0,9,1,1
2680,23993,39,0,7,1,1
2681,23992,43,0,7,14,1
2682,24490,24,0,8,1,1
2683,24484,30,0,8,1,1
2684,24477,37,0,8,1,1
2685,24478,22,1,8,2,1
2686,24479,29,0,8,1,1
2687,23985,20,0,7,1,1
2688,23987,31,0,7,1,1
2689,18413,19,0,9,1,1
2690,19697,62,1,9,1,1
2691,19698,41,0,9,1,1
2692,24482,29,0,8,1,1
2693,23990,40,0,7,1,1
2694,19699,74,0,9,1,1
2695,23991,27,0,7,1,1
2696,24483,48,0,8,1,1
2697,24491,36,1,8,8,1
2698,23989,51,0,7,9,1
2699,23092,22,1,11,9,1
2700,23093,48,0,11,1,0
2701,23087,52,0,11,1,1
2702,23088,24,0,11,1,1
2703,23086,26,0,11,1,1
2704,23089,37,1,11,9,1
2705,23091,37,1,11,9,1
2706,23095,20,0,11,1,1
2707,23851,25,1,11,1,1
2708,23094,36,0,11,1,0
2709,24837,46,0,12,9,1
2710,23305,32,0,14,1,1
2711,24830,21,0,12,1,1
2712,24327,19,0,13,1,1
2713,24329,17,0,13,1,1
2714,23090,21,0,12,1,1
2715,24852,23,0,12,1,1
2716,20062,23,1,13,1,1
2717,24842,40,0,12,15,1
2718,24839,18,0,12,1,1
2719,23098,16,0,11,1,1
2720,23099,45,1,11,1,1
2721,23097,22,0,11,1,1
2722,24833,45,0,12,1,1
2723,24838,24,0,12,1,1
2724,24834,42,0,12,1,1
2725,24328,51,1,13,1,1
2726,24851,21,0,12,1,1
2727,24840,46,0,12,1,1
2728,24841,41,1,12,1,1
2729,24844,29,0,12,13,1
2730,24845,18,0,12,2,1
2731,20065,18,0,13,1,1
2732,24846,58,0,12,10,1
2733,24847,42,0,12,13,1
2734,24849,21,0,12,1,1
2735,24115,38,0,12,1,1
2736,24876,17,0,12,1,1
2737,24843,35,0,12,1,1
2738,24307,18,0,6,1,1
2739,23902,57,0,6,1,1
2740,24229,29,0,6,1,1
2741,20996,21,0,6,10,1
2742,24099,41,0,6,1,1
2743,23754,15,0,6,1,0
2744,24323,33,1,6,1,1
2745,24100,15,0,6,1,1
2746,23184,38,0,12,1,1
2747,24113,38,0,12,1,1
2748,24877,22,0,12,1,1
2749,20992,31,0,6,1,0
2750,20721,15,0,6,1,0
2751,24228,36,0,6,2,1
2752,24676,15,0,6,1,1
2753,20993,21,0,6,1,1
2754,20722,48,0,6,1,1
2755,20995,40,0,6,1,1
2756,20994,24,0,6,1,0
2757,23903,48,0,6,1,1
2758,23494,27,0,6,1,1
2759,23492,100,0,6,9,0
2760,23495,25,0,6,1,1
2761,24230,14,0,6,1,1
2762,20997,39,0,6,1,1
2763,24315,20,0,6,1,1
2764,24301,45,0,6,1,1
2765,24325,38,1,6,1,1
2766,23759,43,0,6,1,1
2767,24677,60,0,6,1,1
2768,20999,25,0,6,13,1
2769,24701,20,0,6,1,1
2770,24308,26,0,4,13,1
2771,24318,31,0,6,1,1
2772,24324,55,0,6,1,1
2773,23906,27,0,6,2,0
2774,23756,54,1,6,2,1
2775,20114,20,0,6,1,1
2776,20111,30,0,6,1,1
2777,20110,17,0,6,1,1
2778,23758,35,0,6,6,1
2779,23904,30,0,6,9,1
2780,21000,40,0,6,2,1
2781,20998,20,0,6,2,1
2782,24317,19,0,6,1,1
2783,23761,29,0,6,1,1
2784,20723,20,0,6,1,1
2785,20112,20,0,6,1,1
2786,23905,31,0,6,1,1
2787,24316,33,0,6,1,1
2788,24234,20,0,6,1,1
2789,24235,30,0,6,1,1
2790,24319,38,0,6,1,1
2791,24320,39,0,6,1,1
2792,24231,27,0,6,1,1
2793,22080,33,1,6,1,1
2794,24236,15,0,6,1,1
2795,24233,24,0,6,2,1
2796,22076,24,0,6,1,1
2797,23760,19,0,6,1,1
2798,24310,21,0,6,1,1
2799,24702,34,0,6,1,1
2800,23023,22,0,6,1,1
2801,24703,18,0,6,1,1
2802,24232,19,0,6,1,1
2803,23907,25,0,6,1,1
2804,22081,32,0,6,1,1
2805,24678,49,0,6,1,1
2806,23022,54,0,6,1,1
2807,23762,23,0,6,1,1
2808,24237,59,0,6,8,1
2809,24238,35,0,6,2,1
2810,19216,31,0,5,6,0
2811,24485,30,0,8,1,0
2812,24486,20,0,8,1,0
2813,24487,28,0,8,1,0
2814,24638,48,0,1,1,1
2815,24637,35,0,1,9,1
2816,24636,25,0,1,1,1
2817,24633,29,0,1,9,1
2818,24493,49,0,8,6,0
2819,19723,24,0,14,1,0
2820,23576,22,0,3,1,0
2821,23096,76,0,11,1,0
2822,22077,30,0,6,1,1
2823,24632,6,1,1,1,1
2824,21941,18,0,2,1,1
2825,21772,64,0,2,9,1
2826,21775,31,0,2,1,1
2827,21930,24,0,2,1,1
2828,21932,45,0,2,1,1
2829,24631,28,0,1,1,1
2830,21933,38,0,2,1,1
2831,21936,24,1,2,1,1
2832,21937,40,0,2,1,1
2833,24628,17,0,1,1,1
2834,24639,31,1,1,1,1
2835,21942,21,0,2,2,1
2836,24627,38,0,1,1,1
2837,21773,40,0,2,1,1
2838,21774,19,0,2,1,1
2839,21927,31,0,2,9,1
2840,21928,31,0,2,9,1
2841,21929,23,0,2,9,1
2842,21934,27,0,2,1,1
2843,21935,18,0,2,1,1
2844,21951,36,0,2,1,1
2845,21938,23,0,2,1,1
2846,21939,18,0,2,1,1
2847,9990575,34,0,2,11,1
2848,21940,47,0,2,1,1
2849,23593,19,0,3,1,1
2850,23595,20,0,3,1,1
2851,23590,23,0,3,1,1
2852,23587,40,0,3,9,1
2853,23588,25,0,3,1,1
2854,23585,20,0,3,1,1
2855,23586,52,0,3,1,1
2856,23581,20,0,3,1,1
2857,23577,38,0,3,1,1
2858,23594,28,0,3,1,1
2859,23597,41,0,3,1,1
2860,23596,19,0,3,1,1
2861,23592,17,0,3,1,1
2862,23589,23,0,3,1,1
2863,23580,25,0,3,1,1
2864,23591,26,0,3,1,1
2865,23579,31,0,3,1,1
2866,23578,28,0,3,9,1
2867,23582,17,0,3,1,1
2868,23583,19,0,1,1,1
2869,23584,21,1,1,1,1
2870,23154,48,0,4,1,1
2871,20198,23,0,5,1,1
2872,20199,19,0,5,2,1
2873,24038,85,1,5,9,1
2874,24412,34,0,5,1,1
2875,23966,23,0,5,1,1
2876,24413,25,0,5,9,0
2877,24041,60,0,5,1,1
2878,24929,38,0,5,2,1
2879,24042,68,0,5,9,1
2880,23969,30,0,5,1,1
2881,23970,20,0,5,9,1
2882,24415,33,0,5,1,1
2883,24417,30,0,5,1,1
2884,23973,46,0,5,6,1
2885,23972,26,0,5,12,1
2886,23153,22,0,4,1,1
2887,23766,21,1,5,1,1
2888,22082,37,0,5,1,1
2889,23960,22,0,5,1,1
2890,24037,100,0,5,2,1
2891,20200,20,0,5,1,1
2892,24039,39,0,5,9,1
2893,24040,22,0,5,1,1
2894,24930,25,0,5,9,1
2895,24414,18,0,5,13,1
2896,24043,27,0,5,2,1
2897,24931,64,0,5,1,1
2898,9990569,0,0,5,13,1
2899,23853,40,0,11,1,1
2900,23856,44,1,11,1,1
2901,23857,23,1,11,1,1
2902,24240,35,0,6,2,1
2903,24309,30,0,6,10,1
2904,23773,20,0,6,9,1
2905,24313,23,0,6,2,1
2906,23100,24,0,11,1,0
2907,23855,18,0,11,1,0
2908,23854,40,0,11,1,0
2909,23852,17,0,11,1,0
2910,22087,0,1,6,2,1
2911,18414,20,0,6,2,1
2912,24241,25,0,6,2,1
2913,23771,17,0,6,1,1
2914,23772,19,0,6,1,1
2915,22078,26,0,6,1,1
2916,24322,50,0,6,1,1
2917,23775,15,0,6,1,1
2918,23764,21,0,6,2,1
2919,23910,100,1,6,12,0
2920,23763,22,0,6,1,1
2921,23774,35,0,6,2,1
2922,22092,50,0,6,1,1
2923,22226,46,0,6,3,1
2924,23861,17,0,11,1,0
2925,23860,24,0,11,1,0
2926,24243,53,0,6,1,1
2927,15287,17,0,6,1,1
2928,23866,15,0,11,9,0
2929,22090,27,0,6,1,1
2930,24679,45,1,6,9,1
2931,22093,40,0,6,1,1
2932,22233,29,0,6,13,1
2933,23908,68,0,6,2,1
2934,23909,62,0,6,10,1
2935,24239,24,0,6,2,1
2936,24242,19,0,6,1,1
2937,23859,17,0,11,1,0
2938,24245,20,0,6,2,1
2939,24246,39,0,6,1,1
2940,24892,43,0,11,1,0
2941,23867,29,0,11,1,0
2942,22229,70,1,6,13,1
2943,23865,32,0,11,1,0
2944,22098,44,0,6,9,1
2945,23497,29,0,6,1,1
2946,22228,35,1,6,1,1
2947,22227,17,0,6,1,1
2948,24247,69,1,6,14,1
2949,23767,25,0,6,1,1
2950,23496,22,0,6,1,1
2951,22230,22,0,6,1,1
2952,22091,18,0,6,1,1
2953,22094,17,0,6,1,1
2954,22095,22,0,6,1,1
2955,24680,64,0,6,1,1
2956,24248,18,0,6,2,1
2957,23871,68,0,11,9,1
2958,23872,32,0,11,1,1
2959,23870,25,1,11,1,1
2960,22234,47,0,6,1,1
2961,23914,30,0,6,2,1
2962,23873,71,0,11,1,1
2963,22083,18,0,6,1,1
2964,22231,15,0,6,1,1
2965,23912,30,1,6,1,1
2966,23913,25,0,6,1,1
2967,23869,23,0,11,1,0
2968,24249,26,0,6,1,1
2969,22238,45,0,6,1,1
2970,24250,39,1,6,1,1
2971,24681,18,0,6,1,1
2972,23916,26,0,6,1,1
2973,23915,24,0,6,1,1
2974,22154,35,0,6,1,1
2975,22152,23,0,6,3,1
2976,22084,39,0,6,1,1
2977,22088,23,0,6,1,1
2978,22079,24,0,6,1,1
2979,22153,45,0,6,1,1
2980,22239,20,0,6,13,1
2981,22151,56,0,6,1,1
2982,23918,71,0,6,1,1
2983,23917,20,0,6,1,1
2984,23919,34,0,6,1,1
2985,22099,32,0,6,1,1
2986,22100,30,0,6,1,1
2987,22236,30,0,6,1,1
2988,24682,90,0,6,13,1
2989,23995,39,0,7,1,1
2990,23997,22,0,7,1,1
2991,23998,60,0,7,1,1
2992,23460,19,0,10,1,1
2993,24494,58,0,8,1,1
2994,24498,20,0,8,1,1
2995,23461,25,0,10,1,1
2996,24526,54,0,7,1,1
2997,24500,28,0,8,1,1
2998,24499,41,0,10,1,1
2999,24496,35,0,8,1,1
3000,24000,25,1,7,10,1
3001,22176,25,0,8,1,1
3002,23994,39,0,7,10,1
3003,23459,34,0,10,1,1
3004,23999,57,0,7,1,1
3005,24495,38,0,8,1,1
3006,24497,38,0,8,1,1
3007,23996,32,0,7,1,1
3008,24529,52,0,7,1,1
3009,24576,19,0,9,10,1
3010,18871,37,0,9,1,1
3011,24528,31,0,7,1,1
3012,24531,22,0,7,1,1
3013,18872,23,0,9,1,1
3014,22177,52,0,8,1,1
3015,19694,47,0,9,1,1
3016,18868,30,0,9,1,1
3017,18870,38,0,9,1,1
3018,18867,37,0,9,1,1
3019,24530,43,0,7,1,1
3020,23462,60,1,10,9,1
3021,18869,18,0,9,1,1
3022,21358,21,0,10,9,0
3023,24527,26,0,7,1,1
3024,21359,24,1,10,9,1
3025,22178,39,0,8,9,0
3026,21360,100,0,10,9,1
3027,20049,27,0,13,1,1
3028,20050,19,0,13,1,1
3029,24116,34,1,12,1,1
3030,20063,37,0,13,1,1
3031,20064,29,0,13,1,1
3032,20068,38,1,13,1,1
3033,20067,70,0,13,9,1
3034,24330,34,0,13,1,1
3035,19739,81,0,14,13,1
3036,23306,39,0,14,1,1
3037,24024,25,0,12,1,1
3038,23319,34,0,14,1,1
3039,20070,32,0,13,9,1
3040,23318,42,0,14,1,1
3041,24848,65,0,12,1,1
3042,24898,42,0,12,1,1
3043,24895,34,0,14,1,1
3044,24893,15,0,12,1,1
3045,22251,46,0,6,1,1
3046,22235,51,0,6,1,1
3047,24630,28,0,1,1,0
3048,24634,25,0,1,6,0
3049,24635,60,0,1,12,0
3050,24928,100,1,5,2,0
3051,23868,25,0,12,1,0
3052,24831,38,1,12,1,1
3053,24117,25,0,12,1,1
3054,24883,32,0,12,9,1
3055,24885,26,0,11,1,1
3056,23307,0,0,14,2,1
3057,20066,20,0,13,9,1
3058,24880,28,0,12,1,1
3059,24118,36,0,12,1,1
3060,24890,43,1,12,1,1
3061,24887,36,0,12,1,1
3062,24894,21,0,12,1,1
3063,24891,39,0,12,1,1
3064,23339,48,1,14,1,1
3065,24900,17,0,12,1,1
3066,24899,21,0,12,1,1
3067,24331,27,1,13,10,1
3068,24855,25,0,12,1,1
3069,24896,24,0,12,1,1
3070,22097,23,0,6,1,1
3071,24244,19,0,6,1,1
3072,23911,28,0,6,1,1
3073,24629,33,0,1,1,0
3074,21357,35,0,10,13,0
3075,21361,100,1,10,9,0
3076,21362,100,1,10,9,0
3077,21931,35,0,2,13,0
3078,21943,26,0,2,1,1
3079,23858,100,1,11,12,0
3080,23863,18,0,11,1,0
3081,23862,17,0,11,1,0
3082,23864,24,0,11,6,0
3083,21944,22,0,2,1,1
3084,24640,59,0,1,13,1
3085,21949,20,0,2,1,1
3086,21948,17,0,2,1,1
3087,21954,38,0,1,1,1
3088,21955,49,0,1,1,1
3089,21956,24,0,2,1,1
3090,21958,25,0,2,1,1
3091,21962,83,0,2,9,1
3092,21964,33,0,2,1,1
3093,21963,23,0,2,1,1
3094,24645,23,0,1,1,1
3095,24646,27,0,1,1,1
3096,24647,22,0,1,1,1
3097,24651,17,0,1,1,1
3098,24641,57,0,1,10,1
3099,24642,27,0,1,1,1
3100,21945,40,0,2,2,1
3101,21946,30,0,2,2,1
3102,21947,17,0,2,1,1
3103,21950,28,0,2,10,1
3104,21952,32,1,2,1,1
3105,24644,29,0,1,13,1
3106,21953,33,0,1,1,1
3107,21959,31,0,2,1,1
3108,21960,22,0,2,1,1
3109,21961,48,0,2,10,1
3110,21965,16,0,2,1,1
3111,21966,29,0,2,1,1
3112,21967,36,0,1,1,1
3113,21968,35,0,2,13,1
3114,21969,42,0,2,1,1
3115,21970,45,0,2,13,1
3116,24643,21,0,1,1,1
3117,24648,18,0,1,1,1
3118,23842,16,1,3,1,1
3119,23845,38,0,3,1,1
3120,23841,17,0,3,1,1
3121,23831,39,0,3,9,1
3122,23830,20,0,3,1,1
3123,23829,69,1,3,13,1
3124,23846,38,0,3,1,1
3125,23844,38,0,3,1,1
3126,23843,33,0,3,1,1
3127,23840,20,0,3,1,1
3128,23837,40,0,3,1,1
3129,20118,31,1,3,1,1
3130,23500,49,0,3,1,1
3131,23828,32,0,3,1,1
3132,23827,35,0,3,13,1
3133,23826,34,0,3,1,1
3134,23600,53,1,3,1,1
3135,23839,35,0,3,12,0
3136,23836,30,0,3,12,0
3137,23835,30,0,3,12,0
3138,23834,25,0,3,12,0
3139,23833,25,0,3,12,0
3140,23599,17,0,3,9,1
3141,23598,20,0,3,9,1
3142,23832,100,1,3,9,0
3143,24044,27,0,5,1,0
3144,24933,16,0,5,1,0
3145,24418,28,0,5,1,0
3146,24934,39,0,5,1,0
3147,23155,32,0,4,13,0
3148,23158,61,1,4,9,0
3149,24932,31,0,5,9,1
3150,24935,49,0,5,1,0
3151,24936,21,0,5,1,0
3152,24421,44,0,5,1,0
3153,24420,57,0,5,1,0
3154,24419,46,1,5,1,0
3155,24939,31,0,5,1,0
3156,24423,18,0,5,1,0
3157,24937,69,0,5,1,0
3158,24046,66,1,5,9,0
3159,24940,30,0,5,2,1
3160,22278,22,0,5,1,0
3161,22277,44,0,5,2,0
3162,22279,43,0,5,1,0
3163,24045,28,0,5,9,1
3164,24422,38,0,5,1,1
3165,24047,29,0,5,1,0
3166,24424,55,0,5,10,0
3167,22280,27,0,5,1,0
3168,24425,24,0,5,1,0
3169,22155,45,0,6,1,0
3170,22237,31,0,6,1,0
3171,22252,23,0,6,1,0
3172,22156,36,0,6,1,0
3173,23920,23,0,6,1,0
3174,22086,23,0,6,1,0
3175,22259,28,0,6,1,0
3176,22243,27,0,6,9,0
3177,24683,35,1,6,1,0
3178,22158,20,0,6,1,0
3179,22265,40,0,6,1,0
3180,23925,28,0,6,2,1
3181,22157,25,0,6,1,0
3182,23924,24,1,6,1,0
3183,22258,30,0,6,1,0
3184,23921,56,0,6,1,0
3185,22240,20,0,6,2,1
3186,23726,32,0,6,1,0
3187,24684,40,0,6,1,0
3188,22255,15,0,6,1,0
3189,24685,28,0,6,1,0
3190,23923,23,0,6,1,0
3191,23922,17,0,6,1,0
3192,22353,37,0,6,1,0
3193,22351,49,0,6,13,0
3194,22160,10,0,6,1,0
3195,22254,35,1,6,13,0
3196,22260,36,0,6,13,0
3197,22355,38,0,6,1,0
3198,22266,16,0,6,1,0
3199,22159,25,0,6,1,0
3200,22162,20,0,6,1,0
3201,18402,18,0,6,1,0
3202,23930,45,0,6,1,1
3203,23928,19,0,6,1,0
3204,22354,40,0,6,1,0
3205,22356,55,0,6,13,0
3206,23929,27,1,6,1,0
3207,22161,19,0,6,1,0
3208,24687,35,0,6,9,0
3209,22271,23,0,6,9,0
3210,22270,16,1,6,9,0
3211,22089,44,0,6,1,0
3212,22267,26,0,6,1,0
3213,23927,54,0,6,1,0
3214,23926,26,0,6,1,0
3215,23932,19,0,6,1,0
3216,23931,14,0,6,1,0
3217,22268,60,0,6,10,0
3218,22272,18,0,6,1,0
3219,23933,22,0,6,1,0
3220,24688,29,0,6,1,0
3221,22164,50,0,6,12,0
3222,22263,30,0,6,1,0
3223,22179,20,0,8,1,1
3224,22184,22,0,8,1,0
3225,22180,20,0,8,1,1
3226,18874,50,0,9,1,1
3227,18873,51,0,9,1,1
3228,21365,27,0,10,1,1
3229,22181,17,0,8,1,1
3230,23936,22,0,6,1,0
3231,22274,61,0,6,10,0
3232,22352,27,0,6,1,0
3233,22273,16,0,6,1,0
3234,22163,31,0,6,1,0
3235,22183,35,0,8,1,0
3236,22186,35,0,8,1,1
3237,22182,60,0,8,9,1
3238,22185,24,0,8,13,1
3239,18875,43,0,9,1,1
3240,24533,24,0,7,1,1
3241,24535,26,0,7,1,1
3242,22187,20,0,8,12,1
3243,24532,21,0,7,1,1
3244,24534,18,0,7,1,1
3245,24579,21,0,9,1,1
3246,24540,17,0,7,1,1
3247,21366,28,0,10,1,1
3248,24536,31,0,7,1,1
3249,24539,52,0,7,1,1
3250,24538,25,0,7,1,1
3251,20119,33,0,9,1,1
3252,20120,39,0,9,1,1
3253,22191,31,0,8,1,1
3254,21369,27,0,10,1,1
3255,24580,48,0,9,1,1
3256,22190,29,0,8,1,1
3257,20121,21,0,9,1,1
3258,19627,34,0,9,1,1
3259,22426,24,0,10,1,1
3260,21368,24,0,10,1,1
3261,24537,34,0,7,1,1
3262,22188,25,0,8,1,1
3263,22192,43,0,8,1,0
3264,22189,29,0,8,1,0
3265,23876,29,0,11,1,1
3266,23877,58,0,11,9,1
3267,23887,22,0,11,1,1
3268,23889,35,0,11,1,1
3269,23888,34,1,11,1,1
3270,23884,22,0,11,1,1
3271,23890,25,0,11,10,1
3272,23892,44,1,11,1,1
3273,22301,30,1,11,1,1
3274,23875,32,0,11,9,1
3275,22253,24,1,6,12,1
3276,23878,56,0,11,1,1
3277,24862,20,0,12,13,1
3278,23320,38,1,14,9,1
3279,24863,33,0,12,1,1
3280,19700,41,0,9,1,1
3281,23874,66,0,11,1,1
3282,23880,49,1,11,1,0
3283,23879,19,1,11,1,1
3284,23886,48,0,11,1,1
3285,23885,78,0,11,1,1
3286,23883,16,0,11,1,1
3287,23882,30,0,11,1,1
3288,23893,18,1,11,1,1
3289,23891,21,0,11,1,1
3290,23894,44,0,11,9,1
3291,23895,25,0,11,1,1
3292,23900,34,0,11,1,1
3293,23899,24,0,11,1,1
3294,23898,55,0,11,13,1
3295,23897,36,1,11,1,1
3296,23896,38,1,11,1,1
3297,24861,27,0,12,1,1
3298,24884,44,0,12,1,1
3299,24864,20,1,12,1,1
3300,24140,23,0,12,1,1
3301,23321,29,0,14,1,1
3302,24879,23,0,12,9,1
3303,24860,37,0,12,1,1
3304,24889,64,1,12,1,1
3305,24888,17,0,12,1,1
3306,24878,23,0,12,1,1
3307,20071,20,0,13,1,1
3308,24859,35,0,12,1,1
3309,24858,61,0,12,1,1
3310,24897,45,0,12,1,1
3311,24871,30,0,12,9,1
3312,24869,19,0,12,1,1
3313,24903,21,0,12,1,1
3314,24907,21,0,12,1,1
3315,24873,42,0,12,1,1
3316,20072,38,0,13,1,1
3317,24915,24,0,12,1,1
3318,24334,19,0,13,1,1
3319,20075,67,0,13,1,1
3320,20074,20,0,13,1,1
3321,20073,40,0,13,1,1
3322,24870,33,0,12,1,1
3323,24872,25,0,12,9,1
3324,24333,40,0,13,1,1
3325,24902,42,0,12,1,1
3326,24875,49,0,12,1,1
3327,24901,38,1,12,1,1
3328,24874,27,0,12,1,1
3329,24909,26,0,12,13,1
3330,24905,65,0,12,1,1
3331,24119,48,1,12,2,1
3332,23322,24,0,14,1,1
3333,24120,33,0,12,2,1
3334,24916,23,0,12,1,1
3335,24332,17,0,13,1,1
3336,23935,26,0,6,1,0
3337,23934,26,0,6,1,0
3338,23974,100,0,5,9,1
3339,24649,100,1,1,1,0
3340,24650,24,0,1,1,0
3341,23881,30,0,11,12,0
3342,23847,16,0,3,1,0
3343,21363,27,0,10,13,0
3344,22362,38,0,6,6,0
3345,24686,36,0,6,1,0
3346,23838,25,1,3,12,0
